industry,year,summary_vader_neg,summary_vader_neu,summary_vader_pos,summary_vader_compound,summary_textblob_polarity,summary_textblob_subjectivity,summary_finbert_negative,summary_finbert_neutral,summary_finbert_positive,trends_vader_neg,trends_vader_neu,trends_vader_pos,trends_vader_compound,trends_textblob_polarity,trends_textblob_subjectivity,infrastructure_vader_neg,infrastructure_vader_neu,infrastructure_vader_pos,infrastructure_vader_compound,infrastructure_textblob_polarity,infrastructure_textblob_subjectivity,outlook_vader_neg,outlook_vader_neu,outlook_vader_pos,outlook_vader_compound,outlook_textblob_polarity,outlook_textblob_subjectivity,outlook_finbert_negative,outlook_finbert_neutral,outlook_finbert_positive,timing_signal_vader_neg,timing_signal_vader_neu,timing_signal_vader_pos,timing_signal_vader_compound,timing_signal_textblob_polarity,timing_signal_textblob_subjectivity,timing_signal_finbert_negative,timing_signal_finbert_neutral,timing_signal_finbert_positive
Cleantech,2004,0.0,0.77,0.23,0.8922,0.0375,0.25,0.7535837292671204,0.010431557893753052,0.2359846979379654,0.0,0.696,0.304,0.9451,0.095,0.72,0.0,0.654,0.346,0.9565,0.25,0.3,0.032,0.756,0.212,0.9118,0.16964285714285715,0.55,0.7971235513687134,0.019092364236712456,0.1837841123342514,0.0,0.894,0.106,0.7227,0.09947916666666666,0.35208333333333336,0.911505401134491,0.012256588786840439,0.07623793184757233
Cleantech,2005,0.0,0.9,0.1,0.743,0.1880952380952381,0.4892857142857143,0.8624100089073181,0.014181967824697495,0.12340797483921051,0.0,0.73,0.27,0.946,0.10277777777777779,0.3361111111111111,0.017,0.642,0.342,0.9806,0.14567099567099567,0.5006493506493507,0.0,0.811,0.189,0.9168,0.14552083333333335,0.52375,0.8764194250106812,0.010105699300765991,0.11347489804029465,0.013,0.681,0.306,0.9899,0.2777777777777778,0.5814814814814815,0.9250856041908264,0.011502745561301708,0.06341168284416199
Cleantech,2006,0.0,0.732,0.268,0.926,0.3229166666666667,0.6069444444444444,0.9342163801193237,0.021307168528437614,0.044476501643657684,0.048,0.646,0.307,0.9601,-0.03928571428571428,0.5702380952380952,0.022,0.631,0.347,0.9623,0.17777777777777778,0.3444444444444445,0.0,0.76,0.24,0.9577,0.10152777777777779,0.4283333333333333,0.9021137952804565,0.011285314336419106,0.08660100400447845,0.0,0.788,0.212,0.9831,0.20331439393939393,0.5820549242424243,0.9473713040351868,0.013333117589354515,0.039295583963394165
Cleantech,2007,0.0,0.753,0.247,0.802,0.29375,0.5541666666666667,0.9465550780296326,0.016925305128097534,0.036519572138786316,0.0,0.749,0.251,0.9648,0.12380952380952381,0.3238095238095239,0.0,0.617,0.383,0.9859,0.24948051948051944,0.4777922077922078,0.0,0.767,0.233,0.9571,0.154375,0.514375,0.9465751051902771,0.018392028287053108,0.035032883286476135,0.013,0.685,0.302,0.9857,0.26724747474747473,0.6075,0.9277831315994263,0.010582002811133862,0.06163477897644043
Cleantech,2008,0.0,0.819,0.181,0.7506,0.375,0.875,0.9395284652709961,0.015019341371953487,0.04545210674405098,0.0,0.841,0.159,0.8689,0.0,0.3666666666666667,0.0,0.607,0.393,0.9666,0.0,0.06666666666666667,0.0,0.839,0.161,0.902,0.0735,0.42400000000000004,0.9025947451591492,0.011995065025985241,0.0854102224111557,0.048,0.639,0.313,0.9867,0.27499999999999997,0.5625,0.9302114844322205,0.011149408295750618,0.058639150112867355
Cleantech,2009,0.05,0.726,0.225,0.7845,0.26944444444444443,0.5083333333333334,0.023163780570030212,0.9557963609695435,0.021039946004748344,0.025,0.569,0.406,0.9628,0.20918367346938777,0.49897959183673474,0.0,0.646,0.354,0.9666,0.17904040404040403,0.4227272727272728,0.0,0.814,0.186,0.9001,0.1625,0.5750000000000001,0.01719471625983715,0.9536409378051758,0.02916429378092289,0.014,0.641,0.345,0.9914,0.213771645021645,0.5351190476190476,0.9240715503692627,0.01774326153099537,0.0581851489841938
Cleantech,2010,0.0,0.861,0.139,0.7506,0.23500000000000001,0.44333333333333336,0.901931643486023,0.009096897207200527,0.08897141367197037,0.0,0.749,0.251,0.9661,0.09267857142857144,0.3995238095238095,0.016,0.581,0.403,0.9847,0.2888888888888889,0.4833333333333334,0.059,0.754,0.186,0.8957,0.06530303030303031,0.5954545454545455,0.6017917990684509,0.27587515115737915,0.1223331168293953,0.0,0.749,0.251,0.9794,0.1738095238095238,0.473538961038961,0.9313402771949768,0.011863505467772484,0.05679622292518616
Cleantech,2011,0.039,0.782,0.179,0.7351,0.125,0.5583333333333333,0.05525391548871994,0.9094132781028748,0.03533283993601799,0.0,0.73,0.27,0.9538,0.28809523809523807,0.6119047619047618,0.017,0.702,0.28,0.9631,0.16,0.30333333333333334,0.057,0.804,0.139,0.5719,0.2,0.65,0.16980977356433868,0.743217945098877,0.08697222173213959,0.0,0.848,0.152,0.9201,0.195,0.67,0.8135491013526917,0.03509090095758438,0.1513599455356598
Cleantech,2012,0.027,0.712,0.261,0.9153,0.18472222222222223,0.3791666666666667,0.0069670723751187325,0.9751672148704529,0.017865726724267006,0.0,0.748,0.252,0.9509,0.14732142857142858,0.32589285714285715,0.022,0.713,0.264,0.936,0.05288600288600289,0.4995670995670996,0.041,0.696,0.263,0.9442,0.27499999999999997,0.5856060606060606,0.04752158001065254,0.896416962146759,0.05606141686439514,0.051,0.735,0.214,0.8693,0.21530303030303027,0.5387878787878788,0.013477123342454433,0.9590387940406799,0.027484042569994926
Cleantech,2013,0.046,0.895,0.06,-0.0516,0.2916666666666667,0.6416666666666667,0.013791841454803944,0.9654572606086731,0.02075083740055561,0.0,0.627,0.373,0.9826,0.3163690476190476,0.5241071428571429,0.024,0.793,0.183,0.8316,0.03333333333333333,0.19999999999999998,0.049,0.804,0.147,0.8854,0.23333333333333334,0.5270833333333333,0.9041292667388916,0.02560059353709221,0.07027016580104828,0.018,0.655,0.327,0.9919,0.19933035714285716,0.5229910714285715,0.24949608743190765,0.6621618270874023,0.0883421003818512
Cleantech,2014,0.0,0.737,0.263,0.9371,0.24833333333333335,0.43499999999999994,0.9555530548095703,0.020493263378739357,0.023953700438141823,0.013,0.783,0.204,0.9493,0.01388888888888889,0.10277777777777776,0.011,0.673,0.316,0.9848,0.18311688311688312,0.34074675324675324,0.0,0.645,0.355,0.9859,0.26785714285714285,0.547077922077922,0.9250953197479248,0.01283276081085205,0.06207192689180374,0.014,0.7,0.285,0.9904,0.1640692640692641,0.47619047619047616,0.9544292092323303,0.017062783241271973,0.028508057817816734
Cleantech,2015,0.0,0.638,0.362,0.9403,0.3104166666666667,0.64375,0.6343274116516113,0.011567073874175549,0.3541054427623749,0.017,0.726,0.257,0.9612,0.18341450216450214,0.47259199134199137,0.0,0.764,0.236,0.9201,0.25555555555555554,0.4222222222222222,0.0,0.816,0.184,0.9531,0.22954545454545458,0.6464015151515152,0.8194103837013245,0.059580691158771515,0.12100888788700104,0.03,0.704,0.266,0.9884,0.2300247371675943,0.5179962894248609,0.9307281374931335,0.011526023969054222,0.057745832949876785
Cleantech,2016,0.0,0.808,0.192,0.8176,0.19642857142857142,0.6488095238095238,0.3231620192527771,0.6402175426483154,0.036620400846004486,0.0,0.668,0.332,0.9628,0.14952380952380953,0.5352380952380953,0.023,0.661,0.316,0.9545,0.13333333333333333,0.26666666666666666,0.057,0.72,0.223,0.8934,0.19666666666666666,0.45666666666666667,0.6060919761657715,0.33366310596466064,0.06024489179253578,0.009,0.754,0.237,0.9676,0.16391941391941392,0.4923076923076923,0.9266694188117981,0.0239301398396492,0.04940043017268181
Cleantech,2017,0.048,0.68,0.272,0.8807,0.20595238095238094,0.49642857142857144,0.6267760992050171,0.010926645249128342,0.3622973561286926,0.0,0.735,0.265,0.9601,0.108994708994709,0.4955026455026455,0.018,0.667,0.316,0.9702,0.28541666666666665,0.41041666666666665,0.04,0.695,0.266,0.959,0.21675943104514533,0.5679962894248609,0.8852609395980835,0.03274483233690262,0.08199425041675568,0.01,0.65,0.34,0.9927,0.21468855218855218,0.4426346801346801,0.9304389953613281,0.011425853706896305,0.05813512206077576
Cleantech,2018,0.0,0.761,0.239,0.8074,0.09166666666666667,0.7583333333333333,0.8705301880836487,0.013557742349803448,0.115912064909935,0.0,0.772,0.228,0.8591,0.0,0.0,0.0,0.736,0.264,0.9153,0.3333333333333333,0.5,0.0,0.753,0.247,0.9246,0.12689393939393942,0.5049242424242425,0.9513946175575256,0.01777496747672558,0.03083043172955513,0.031,0.699,0.27,0.9682,0.24343434343434345,0.5666666666666667,0.9243602156639099,0.014583516865968704,0.0610562302172184
Cleantech,2019,0.029,0.773,0.198,0.7741,0.24375,0.56875,0.9531412720680237,0.02178909257054329,0.025069668889045715,0.018,0.777,0.205,0.9287,0.08666666666666667,0.3466666666666667,0.0,0.743,0.257,0.9493,0.28354978354978355,0.6991341991341992,0.032,0.735,0.233,0.9313,0.06314814814814816,0.4655555555555556,0.9474560022354126,0.026426367461681366,0.026117650792002678,0.04,0.692,0.268,0.9828,0.1375,0.44734848484848483,0.9460332989692688,0.015171447768807411,0.038795314729213715
Cleantech,2020,0.0,0.767,0.233,0.8271,0.4375,0.9375,0.9494360089302063,0.01596277765929699,0.03460124880075455,0.024,0.68,0.296,0.93,0.08333333333333333,0.511904761904762,0.0,0.698,0.302,0.9605,0.22777777777777777,0.45,0.068,0.701,0.231,0.8952,0.09507575757575758,0.48797348484848485,0.9182403087615967,0.015544066205620766,0.0662156492471695,0.02,0.7,0.28,0.9758,0.2064814814814815,0.5194444444444444,0.9280943870544434,0.011302498169243336,0.060603100806474686
Cleantech,2021,0.0,0.727,0.273,0.9062,0.2902777777777778,0.5194444444444445,0.9444425702095032,0.01629817672073841,0.03925918787717819,0.019,0.808,0.173,0.875,0.03809523809523809,0.34285714285714286,0.0,0.757,0.243,0.9612,0.2313852813852814,0.47207792207792215,0.0,0.77,0.23,0.9538,0.17142045454545457,0.4784848484848485,0.9445834159851074,0.015410836786031723,0.04000573977828026,0.011,0.694,0.295,0.9863,0.318951048951049,0.605990675990676,0.9198353886604309,0.00906161218881607,0.0711030587553978
Cleantech,2022,0.0,0.764,0.236,0.8442,0.2927083333333333,0.4510416666666667,0.9401558041572571,0.014844176359474659,0.045000042766332626,0.0,0.796,0.204,0.8779,-0.008333333333333338,0.4083333333333333,0.0,0.771,0.229,0.9274,0.2888888888888889,0.7333333333333334,0.017,0.769,0.214,0.9493,0.13465909090909092,0.5004734848484849,0.9155609011650085,0.02060462348163128,0.06383441388607025,0.02,0.694,0.286,0.9877,0.16639118457300278,0.44848484848484843,0.9221987128257751,0.009927631355822086,0.06787368655204773
Cleantech,2023,0.0,0.764,0.236,0.8934,0.21666666666666667,0.6166666666666667,0.9504069089889526,0.016465647146105766,0.033127445727586746,0.019,0.783,0.199,0.91,0.0,0.4666666666666666,0.0,0.759,0.241,0.946,0.21666666666666667,0.55,0.0,0.734,0.266,0.9616,0.11000000000000001,0.3933333333333333,0.9435821175575256,0.014970292337238789,0.041447728872299194,0.019,0.707,0.274,0.988,0.18429752066115704,0.49807162534435273,0.9485169649124146,0.013830834068357944,0.03765219449996948
Cleantech,2024,0.043,0.584,0.373,0.958,0.325,0.6472222222222223,0.949960470199585,0.01602117531001568,0.03401830419898033,0.043,0.77,0.187,0.8442,0.0,0.4666666666666666,0.0,0.643,0.357,0.9747,0.4,0.65,0.0,0.791,0.209,0.886,0.21982323232323234,0.5422979797979798,0.9514352679252625,0.017753757536411285,0.030811024829745293,0.018,0.662,0.32,0.991,0.20914994096812276,0.5281188508461235,0.9317328333854675,0.010674944147467613,0.05759219825267792
Cleantech,2025,0.0,0.735,0.265,0.875,0.26833333333333337,0.495,0.8952067494392395,0.011278262361884117,0.09351504594087601,0.015,0.622,0.362,0.9828,0.10347222222222224,0.3965277777777778,0.0,0.78,0.22,0.9201,0.16666666666666666,0.5,0.095,0.802,0.103,-0.1531,0.125,0.5,0.7561196684837341,0.04679432138800621,0.1970859169960022,0.014,0.677,0.31,0.9796,0.2199724517906336,0.6382920110192838,0.9300103783607483,0.01232051756232977,0.057669077068567276
Consumer Goods,2004,0.026,0.737,0.238,0.8885,0.125,0.575,0.13107912242412567,0.8035297393798828,0.06539112329483032,0.0,0.896,0.104,0.836,0.11666666666666667,0.3194444444444445,0.051,0.819,0.13,0.8388,0.15721500721500722,0.28304473304473304,0.012,0.81,0.178,0.9464,0.04242424242424242,0.41780303030303034,0.942512571811676,0.013818614184856415,0.043668799102306366,0.025,0.774,0.202,0.9735,0.30990259740259735,0.6178571428571428,0.46826350688934326,0.05195416882634163,0.4797823131084442
Consumer Goods,2005,0.07,0.718,0.211,0.8316,0.075,0.48749999999999993,0.11445944011211395,0.791718602180481,0.09382196515798569,0.017,0.867,0.117,0.8832,0.19510489510489512,0.5118881118881119,0.0,0.83,0.17,0.9349,0.05454545454545454,0.19744318181818182,0.021,0.817,0.163,0.9485,0.1449074074074074,0.38749999999999996,0.4826813042163849,0.4397362470626831,0.07758241891860962,0.013,0.755,0.232,0.9828,0.13859848484848486,0.4654166666666667,0.8158930540084839,0.009232578799128532,0.17487433552742004
Consumer Goods,2006,0.026,0.741,0.233,0.8658,0.1278409090909091,0.5073863636363636,0.881955087184906,0.022112902253866196,0.09593206644058228,0.012,0.777,0.211,0.9694,0.01948051948051948,0.2506493506493507,0.0,0.824,0.176,0.9556,0.12255892255892256,0.32920875420875423,0.0,0.743,0.257,0.9652,0.08089225589225589,0.5736531986531986,0.9468873739242554,0.028339846059679985,0.024772699922323227,0.024,0.751,0.225,0.9877,0.14754689754689754,0.4693362193362192,0.8729342222213745,0.008643441833555698,0.1184222623705864
Consumer Goods,2007,0.063,0.871,0.066,-0.2144,0.13333333333333333,0.36666666666666664,0.8407522439956665,0.125031977891922,0.03421580418944359,0.0,0.809,0.191,0.9674,0.2354166666666667,0.4437499999999999,0.013,0.803,0.184,0.9524,0.24583333333333332,0.3791666666666667,0.042,0.754,0.204,0.9411,0.17685185185185187,0.5009259259259259,0.9081850051879883,0.03994686156511307,0.05186816304922104,0.017,0.77,0.213,0.9729,0.20194805194805193,0.4716991341991342,0.4978289008140564,0.011134518310427666,0.4910365343093872
Consumer Goods,2008,0.156,0.656,0.188,0.4033,0.27222222222222225,0.5888888888888889,0.01172678917646408,0.9642340540885925,0.02403916046023369,0.015,0.88,0.105,0.8415,-0.03125,0.46875,0.0,0.798,0.202,0.929,0.30416666666666664,0.7208333333333332,0.109,0.743,0.148,0.4742,-0.012244897959183682,0.4066326530612245,0.531172513961792,0.2930285632610321,0.17579896748065948,0.068,0.788,0.143,0.872,0.15923160173160175,0.5175974025974025,0.24002911150455475,0.430315762758255,0.32965517044067383
Consumer Goods,2009,0.089,0.861,0.05,-0.2129,0.255,0.45500000000000007,0.7751050591468811,0.13142956793308258,0.0934654027223587,0.017,0.749,0.234,0.972,0.20750000000000002,0.35750000000000004,0.0,0.854,0.146,0.8689,0.2524621212121212,0.49640151515151515,0.0,0.809,0.191,0.9516,0.004761904761904749,0.44761904761904764,0.8928534388542175,0.024652283638715744,0.0824943259358406,0.019,0.641,0.341,0.9952,0.1363392857142857,0.5367870670995671,0.5152446031570435,0.014820665121078491,0.46993473172187805
Consumer Goods,2010,0.107,0.759,0.134,0.1027,0.0,0.03333333333333333,0.9328034520149231,0.03429162874817848,0.03290495276451111,0.0,0.67,0.33,0.9866,0.28111111111111114,0.44055555555555553,0.0,0.829,0.171,0.9153,0.12229437229437227,0.317965367965368,0.0,0.795,0.205,0.9506,0.0353030303030303,0.5762878787878789,0.9527619481086731,0.018653282895684242,0.028584780171513557,0.026,0.717,0.256,0.9867,0.27856060606060606,0.5113541666666667,0.8670868277549744,0.008643663488328457,0.1242695227265358
Consumer Goods,2011,0.132,0.732,0.135,0.0516,-0.02500000000000001,0.175,0.7143712043762207,0.144536554813385,0.14109227061271667,0.013,0.857,0.13,0.9081,0.09772727272727272,0.27499999999999997,0.0,0.808,0.192,0.9389,0.34494949494949495,0.5368686868686869,0.041,0.805,0.155,0.8625,0.05281385281385281,0.5280303030303031,0.7849822044372559,0.013789051212370396,0.20122872292995453,0.035,0.723,0.242,0.9779,0.15757575757575756,0.24738292011019283,0.8758727312088013,0.00890210922807455,0.11522523313760757
Consumer Goods,2012,0.061,0.88,0.059,-0.0387,0.14166666666666666,0.4583333333333333,0.06165971979498863,0.8559589982032776,0.08238128572702408,0.0,0.95,0.05,0.6124,0.09583333333333334,0.325,0.0,0.806,0.194,0.937,0.22992424242424242,0.3803030303030303,0.015,0.876,0.109,0.836,0.014962121212121208,0.35265151515151516,0.9228076934814453,0.015353653579950333,0.06183869019150734,0.0,0.797,0.203,0.9794,0.11818181818181818,0.384965034965035,0.5670375823974609,0.011677959002554417,0.42128440737724304
Consumer Goods,2013,0.049,0.801,0.15,0.6369,0.16875,0.49375,0.7431550025939941,0.17699384689331055,0.07985115051269531,0.026,0.843,0.131,0.8553,0.08148148148148147,0.3574074074074074,0.0,0.882,0.118,0.836,0.10075757575757575,0.196969696969697,0.024,0.637,0.339,0.9821,0.10386363636363635,0.4624999999999999,0.9489026665687561,0.015677325427532196,0.035419996827840805,0.0,0.73,0.27,0.9855,0.10714285714285712,0.472943722943723,0.8297500610351562,0.007463809102773666,0.1627861112356186
Consumer Goods,2014,0.0,0.887,0.113,0.6249,-0.04090909090909092,0.3886363636363636,0.8663637042045593,0.02038140781223774,0.11325494199991226,0.014,0.83,0.155,0.9268,0.14285714285714285,0.2857142857142857,0.025,0.894,0.081,0.6115,0.06888528138528138,0.2851731601731602,0.0,0.737,0.263,0.9723,-0.028787878787878786,0.5276515151515151,0.9466336965560913,0.017261812463402748,0.036104463040828705,0.0,0.804,0.196,0.9834,0.18371212121212122,0.4854640151515151,0.8641632199287415,0.009560289792716503,0.1262764036655426
Consumer Goods,2015,0.039,0.785,0.175,0.8271,0.021428571428571425,0.2928571428571428,0.8350430727005005,0.10953820496797562,0.05541875585913658,0.023,0.79,0.187,0.9657,0.05476190476190477,0.34595238095238096,0.0,0.846,0.154,0.9324,0.12996632996632995,0.24957912457912457,0.024,0.795,0.181,0.9217,-0.056666666666666664,0.4416666666666666,0.738670825958252,0.1617903709411621,0.09953882545232773,0.035,0.759,0.206,0.9783,0.17196969696969697,0.4896212121212121,0.8607341051101685,0.010046775452792645,0.12921908497810364
Consumer Goods,2016,0.0,0.774,0.226,0.9412,-0.010101010101010102,0.457070707070707,0.015120141208171844,0.9382617473602295,0.046618152409791946,0.019,0.905,0.076,0.6908,0.13541666666666669,0.40208333333333335,0.0,0.743,0.257,0.9741,0.23658008658008658,0.45367965367965374,0.064,0.743,0.193,0.891,0.012121212121212116,0.4515151515151515,0.025389978662133217,0.9326314926147461,0.04197847470641136,0.015,0.737,0.247,0.9862,0.13481481481481483,0.5191414141414141,0.255210816860199,0.3972504436969757,0.3475387394428253
Consumer Goods,2017,0.106,0.763,0.131,0.0516,0.1875,0.8125,0.010996774770319462,0.9518594741821289,0.03714382275938988,0.043,0.814,0.143,0.9152,0.18809523809523812,0.6119047619047618,0.0,0.908,0.092,0.8122,0.10179063360881542,0.37011019283746566,0.038,0.81,0.151,0.9055,0.0787878787878788,0.5257575757575758,0.6457152962684631,0.1889985203742981,0.16528618335723877,0.037,0.805,0.158,0.9643,0.13398268398268398,0.5533549783549783,0.7571271657943726,0.030474243685603142,0.21239857375621796
Consumer Goods,2018,0.0,0.743,0.257,0.91,0.012121212121212116,0.28484848484848485,0.948246419429779,0.016445985063910484,0.03530764952301979,0.031,0.821,0.149,0.91,0.0527972027972028,0.46573426573426574,0.0,0.936,0.064,0.6908,0.3,0.6,0.016,0.792,0.192,0.9403,0.09662004662004663,0.5032634032634032,0.9512032270431519,0.014122909866273403,0.03467386215925217,0.011,0.744,0.246,0.9826,0.2206060606060606,0.47424242424242424,0.8643802404403687,0.007841075770556927,0.12777867913246155
Consumer Goods,2019,0.119,0.789,0.091,-0.3612,0.03383838383838383,0.38409090909090904,0.06485472619533539,0.6417863368988037,0.2933589816093445,0.015,0.898,0.088,0.7579,0.08113636363636365,0.5104545454545455,0.022,0.799,0.179,0.926,0.16197916666666667,0.4739583333333333,0.043,0.842,0.115,0.743,0.04545454545454545,0.3522727272727273,0.4472440481185913,0.19504088163375854,0.35771507024765015,0.047,0.7,0.252,0.9859,0.08480861244019139,0.4925837320574163,0.6300039887428284,0.01924736239016056,0.3507486879825592
Consumer Goods,2020,0.063,0.793,0.144,0.6597,0.035416666666666666,0.5437500000000001,0.5652072429656982,0.3291180729866028,0.10567470639944077,0.015,0.813,0.172,0.9274,0.07333333333333333,0.31166666666666665,0.0,0.887,0.113,0.8074,0.1,0.15,0.047,0.791,0.161,0.8779,0.027500000000000004,0.23500000000000001,0.4384772479534149,0.030471382662653923,0.5310513973236084,0.014,0.735,0.251,0.9896,0.19351119894598154,0.5060276679841897,0.8969221711158752,0.009347484447062016,0.09373030066490173
Consumer Goods,2021,0.0,0.854,0.146,0.7351,0.2956060606060606,0.5125757575757576,0.9119421243667603,0.014126967638731003,0.07393091917037964,0.02,0.779,0.201,0.959,0.11944444444444444,0.2777777777777778,0.0,0.853,0.147,0.8901,0.24000000000000002,0.3266666666666667,0.018,0.838,0.144,0.8658,-0.008333333333333331,0.31666666666666665,0.9343058466911316,0.011698865331709385,0.053995195776224136,0.013,0.706,0.281,0.9911,0.09348484848484848,0.44378787878787873,0.9170856475830078,0.008799580857157707,0.07411473989486694
Consumer Goods,2022,0.052,0.824,0.124,0.3182,0.1875,0.4375,0.36142367124557495,0.17147143185138702,0.4671049118041992,0.035,0.74,0.225,0.9571,0.14853535353535355,0.4508585858585858,0.0,0.785,0.215,0.9001,0.09494949494949495,0.20353535353535354,0.023,0.711,0.266,0.9652,0.053246753246753244,0.30844155844155846,0.9214626550674438,0.020442605018615723,0.058094777166843414,0.053,0.797,0.15,0.875,0.21694214876033058,0.46859504132231405,0.5600248575210571,0.010263167321681976,0.4297120273113251
Consumer Goods,2023,0.025,0.815,0.161,0.8481,0.04388888888888889,0.43277777777777776,0.01316606905311346,0.9695537090301514,0.017280271276831627,0.038,0.861,0.102,0.7003,0.0885645933014354,0.33679425837320576,0.0,0.891,0.109,0.8689,0.0,0.025,0.124,0.695,0.18,0.8515,0.06666666666666667,0.21666666666666667,0.9323300719261169,0.021406590938568115,0.04626331105828285,0.021,0.7,0.279,0.9889,0.2034090909090909,0.5577922077922077,0.769645094871521,0.013210146687924862,0.21714477241039276
Consumer Goods,2024,0.021,0.804,0.175,0.8442,0.175,0.425,0.3551752269268036,0.5130289196968079,0.13179589807987213,0.022,0.779,0.199,0.9698,0.10476190476190476,0.41666666666666663,0.0,0.785,0.215,0.9382,0.11666666666666667,0.18333333333333332,0.0,0.791,0.209,0.9349,0.1,0.45625000000000004,0.6201973557472229,0.32498982548713684,0.054812800139188766,0.022,0.745,0.232,0.985,0.21323002754820933,0.5495798898071625,0.8810755014419556,0.009672578424215317,0.10925193876028061
Consumer Goods,2025,0.042,0.807,0.151,0.6369,0.11212121212121212,0.21818181818181817,0.7207136154174805,0.019102655351161957,0.260183721780777,0.045,0.818,0.137,0.8885,0.13035714285714287,0.4298469387755102,0.0,0.844,0.156,0.9186,0.1957070707070707,0.3532828282828283,0.023,0.805,0.172,0.9231,0.06000000000000001,0.335,0.5305626392364502,0.09141445904970169,0.37802281975746155,0.013,0.737,0.25,0.9882,0.20318181818181819,0.5906060606060606,0.7713086605072021,0.010032417252659798,0.2186589390039444
Fintech,2004,0.0,0.971,0.029,0.09,0.07166666666666667,0.24,0.04346659779548645,0.15231376886367798,0.8042196035385132,0.031,0.926,0.043,0.1779,-0.024489795918367346,0.3454081632653061,0.032,0.874,0.094,0.5499,0.04732142857142857,0.36160714285714285,0.0,0.839,0.161,0.8834,0.049999999999999996,0.3375,0.8846017122268677,0.008050311356782913,0.10734803974628448,0.047,0.822,0.131,0.8731,0.12912698412698415,0.3128571428571429,0.3333112597465515,0.010884484276175499,0.6558042764663696
Fintech,2005,0.036,0.914,0.05,0.1779,0.002857142857142858,0.20178571428571432,0.09591798484325409,0.020918041467666626,0.8831639885902405,0.0,0.815,0.185,0.8344,-0.0066666666666666706,0.2866666666666667,0.045,0.857,0.098,0.5868,0.04265873015873017,0.20079365079365077,0.0,0.809,0.191,0.8885,0.17500000000000002,0.375,0.944063127040863,0.015552571043372154,0.04038430005311966,0.079,0.702,0.219,0.98,0.13947756788665877,0.43175423061786694,0.41483208537101746,0.1077316403388977,0.47743627429008484
Fintech,2006,0.074,0.88,0.046,-0.1531,0.0326530612244898,0.2561224489795918,0.030485188588500023,0.14486460387706757,0.8246501684188843,0.024,0.976,0.0,-0.2411,0.07142857142857142,0.3,0.048,0.854,0.098,0.5994,0.07337662337662337,0.35324675324675325,0.027,0.829,0.144,0.7351,0.08482142857142858,0.2584821428571429,0.7134259939193726,0.012948867864906788,0.27362513542175293,0.069,0.778,0.153,0.9099,0.07634199134199135,0.5624296536796536,0.2899406850337982,0.08296428620815277,0.6270950436592102
Fintech,2007,0.12,0.793,0.087,-0.0772,0.005714285714285716,0.23857142857142857,0.013931590132415295,0.9407752752304077,0.045293133705854416,0.046,0.787,0.167,0.651,0.09333333333333334,0.38666666666666666,0.091,0.797,0.112,0.3094,0.12142857142857144,0.3821428571428571,0.163,0.761,0.076,-0.8225,0.08125,0.30624999999999997,0.19368065893650055,0.4567969739437103,0.34952229261398315,0.027,0.82,0.153,0.7906,0.121875,0.47500000000000003,0.6933093667030334,0.012176385149359703,0.2945142388343811
Fintech,2008,0.112,0.777,0.111,-0.4678,0.022727272727272724,0.36742424242424243,0.16267871856689453,0.15268993377685547,0.68463134765625,0.024,0.787,0.189,0.8519,-0.025,0.325,0.0,0.843,0.157,0.8176,0.1375,0.3125,0.138,0.74,0.122,-0.4389,0.16466942148760333,0.5117768595041322,0.04009902477264404,0.8182288408279419,0.14167213439941406,0.076,0.752,0.172,0.9201,0.1193596681096681,0.4736228354978354,0.8987104892730713,0.029500072821974754,0.07178943604230881
Fintech,2009,0.11,0.777,0.113,-0.2023,0.10033670033670034,0.34865319865319866,0.047195449471473694,0.7843108773231506,0.1684935986995697,0.08,0.888,0.032,-0.6249,0.01477272727272727,0.3784090909090909,0.02,0.808,0.172,0.8957,0.20496632996632996,0.3810606060606061,0.037,0.753,0.21,0.946,0.021969696969696972,0.3979166666666667,0.9444047212600708,0.01256586890667677,0.04302942007780075,0.022,0.752,0.226,0.984,0.1215007215007215,0.5655844155844155,0.9239665269851685,0.014238433912396431,0.06179511174559593
Fintech,2010,0.071,0.819,0.11,0.296,0.07954545454545454,0.36306818181818185,0.6941370964050293,0.01361785363405943,0.2922450304031372,0.056,0.885,0.059,0.0516,0.04329004329004328,0.3625541125541126,0.0,0.83,0.17,0.8979,0.13852813852813853,0.2077922077922078,0.086,0.686,0.228,0.8555,0.05502645502645503,0.4029100529100529,0.9460275769233704,0.01758015900850296,0.03639219328761101,0.026,0.796,0.178,0.9595,0.13251748251748252,0.5545454545454546,0.9040769338607788,0.012507198378443718,0.08341584354639053
Fintech,2011,0.078,0.763,0.158,0.4939,0.09999999999999999,0.3416666666666666,0.8434857130050659,0.011194021441042423,0.1453203409910202,0.028,0.808,0.164,0.8442,0.0,0.37,0.0,0.781,0.219,0.9349,0.10519480519480519,0.4113636363636363,0.0,0.832,0.168,0.9231,0.10441919191919193,0.5087121212121212,0.9309143424034119,0.011325483210384846,0.0577600821852684,0.0,0.848,0.152,0.908,0.20555555555555557,0.5166666666666666,0.9121053218841553,0.009199496358633041,0.07869511842727661
Fintech,2012,0.0,0.899,0.101,0.6705,0.09166666666666667,0.45,0.055925413966178894,0.06744576245546341,0.8766287565231323,0.0,0.833,0.167,0.9259,0.1142857142857143,0.3678571428571429,0.077,0.896,0.027,-0.5295,0.28285714285714286,0.46428571428571425,0.0,0.858,0.142,0.7964,0.013888888888888888,0.35833333333333334,0.9398055076599121,0.012092957273125648,0.04810156300663948,0.084,0.705,0.21,0.9545,0.14613341204250296,0.4339728453364817,0.6844557523727417,0.0464361272752285,0.2691080868244171
Fintech,2013,0.0,0.921,0.079,0.6956,0.22094155844155847,0.47635281385281386,0.6884862780570984,0.015815092250704765,0.2956986427307129,0.023,0.797,0.18,0.9118,0.07,0.37111111111111117,0.02,0.87,0.11,0.743,0.17833333333333334,0.37333333333333335,0.0,0.775,0.225,0.9623,0.14750000000000002,0.4491666666666667,0.9254879355430603,0.011641072109341621,0.06287100911140442,0.0,0.886,0.114,0.8807,0.11590909090909092,0.3899350649350649,0.8177527785301208,0.014508518390357494,0.16773873567581177
Fintech,2014,0.076,0.795,0.129,0.2263,0.1278409090909091,0.5198863636363636,0.9109156131744385,0.011500170454382896,0.07758422195911407,0.038,0.85,0.112,0.7845,0.0707070707070707,0.4393939393939394,0.061,0.793,0.146,0.7574,0.13360881542699724,0.3913223140495868,0.0,0.84,0.16,0.9186,0.09494949494949495,0.40631313131313135,0.9529377222061157,0.01852455921471119,0.0285376887768507,0.018,0.773,0.21,0.9371,0.07904040404040404,0.3810606060606061,0.9225512146949768,0.009895783849060535,0.06755290180444717
Fintech,2015,0.03,0.759,0.211,0.9153,0.1,0.31666666666666665,0.887310802936554,0.03275898098945618,0.07993026077747345,0.022,0.856,0.123,0.7845,0.024857954545454544,0.25681818181818183,0.0,0.825,0.175,0.8481,0.05833333333333333,0.3166666666666667,0.0,0.747,0.253,0.9623,0.0578125,0.38958333333333334,0.9242550134658813,0.010510441847145557,0.06523451954126358,0.0,0.712,0.288,0.9851,0.11914141414141412,0.5481565656565657,0.8472263216972351,0.011249160394072533,0.14152446389198303
Fintech,2016,0.0,0.754,0.246,0.9325,0.0763888888888889,0.3986111111111111,0.9165527820587158,0.011730632744729519,0.0717165395617485,0.0,0.806,0.194,0.9042,-0.1,0.5700000000000001,0.0,0.808,0.192,0.8834,0.125,0.15,0.0,0.83,0.17,0.9153,0.02037037037037037,0.387037037037037,0.9458067417144775,0.013237610459327698,0.040955569595098495,0.0,0.74,0.26,0.9756,0.1165151515151515,0.5506060606060605,0.9116219282150269,0.011512150056660175,0.07686594128608704
Fintech,2017,0.039,0.747,0.215,0.8519,0.11189393939393939,0.4365909090909091,0.9004374742507935,0.04127897322177887,0.05828355625271797,0.05,0.754,0.196,0.9345,0.050520833333333334,0.6635416666666667,0.0,0.716,0.284,0.9741,0.20666666666666664,0.54,0.0,0.82,0.18,0.93,0.08766233766233766,0.44502164502164504,0.9248137474060059,0.018923401832580566,0.056262943893671036,0.0,0.745,0.255,0.9761,0.11988636363636362,0.4666666666666666,0.8971230983734131,0.00901391264051199,0.09386295080184937
Fintech,2018,0.0,0.832,0.168,0.7845,0.21875,0.4375,0.92326819896698,0.014329117722809315,0.06240274757146835,0.0,0.849,0.151,0.9538,-0.013030303030303026,0.35212121212121217,0.0,0.791,0.209,0.9589,0.30625,0.55625,0.0,0.926,0.074,0.7351,-0.008333333333333331,0.41041666666666665,0.9432297348976135,0.013842719607055187,0.04292759299278259,0.0,0.771,0.229,0.9864,0.2776262626262626,0.6267171717171716,0.9116877913475037,0.009097552858293056,0.07921469956636429
Fintech,2019,0.0,0.713,0.287,0.9623,0.0625,0.2708333333333333,0.9320220947265625,0.012392048723995686,0.05558585748076439,0.0,0.802,0.198,0.9657,0.024999999999999998,0.47333333333333333,0.0,0.914,0.086,0.765,0.0,0.2642857142857143,0.0,0.839,0.161,0.9274,0.15683333333333332,0.4298333333333334,0.9154820442199707,0.011294860392808914,0.07322312891483307,0.0,0.701,0.299,0.9833,0.18099747474747474,0.6006944444444445,0.9065120816230774,0.009363597258925438,0.0841243639588356
Fintech,2020,0.0,0.767,0.233,0.7964,0.23154761904761903,0.45059523809523805,0.9391776323318481,0.012938013300299644,0.0478842593729496,0.0,0.912,0.088,0.7096,0.01515151515151515,0.16666666666666666,0.043,0.716,0.241,0.9371,0.08571428571428572,0.32857142857142857,0.0,0.767,0.233,0.9524,0.10555555555555556,0.48888888888888893,0.9459872245788574,0.01457952056080103,0.039433203637599945,0.0,0.721,0.279,0.9509,0.16704545454545455,0.5068181818181818,0.8792352676391602,0.01079122070223093,0.1099734827876091
Fintech,2021,0.0,0.84,0.16,0.8555,0.21237373737373735,0.4106902356902357,0.8063576817512512,0.01724383793771267,0.17639857530593872,0.019,0.848,0.133,0.8176,-0.09999999999999999,0.3333333333333333,0.0,0.771,0.229,0.9559,0.09090909090909091,0.2220779220779221,0.0,0.878,0.122,0.8402,0.03333333333333334,0.46904761904761905,0.9509517550468445,0.016732074320316315,0.0323161706328392,0.0,0.733,0.267,0.9891,0.12231277056277057,0.5747380952380953,0.9244367480278015,0.012620532885193825,0.062942735850811
Fintech,2022,0.0,0.822,0.178,0.8658,0.23500000000000001,0.505,0.013259160332381725,0.9694228768348694,0.017317961901426315,0.0,0.823,0.177,0.9001,-0.03125,0.34375,0.0,0.855,0.145,0.9168,0.21428571428571427,0.35714285714285715,0.0,0.848,0.152,0.8834,-0.05,0.325,0.9332404136657715,0.030878596007823944,0.035881031304597855,0.0,0.611,0.389,0.9974,0.2721418732782369,0.6106749311294766,0.9074940085411072,0.010021212510764599,0.08248479664325714
Fintech,2023,0.0,0.866,0.134,0.8316,0.176031746031746,0.6148412698412699,0.008039050735533237,0.9742928743362427,0.01766805909574032,0.017,0.763,0.221,0.9709,0.0625,0.375,0.0,0.788,0.212,0.9657,0.1881542699724518,0.2898071625344353,0.01,0.807,0.183,0.9621,0.1451388888888889,0.3756944444444445,0.9408872127532959,0.012918773107230663,0.04619402438402176,0.047,0.667,0.286,0.9927,0.21868686868686868,0.5071969696969697,0.8696147203445435,0.011253547854721546,0.1191316545009613
Fintech,2024,0.031,0.875,0.095,0.5267,-0.08,0.34,0.7503061294555664,0.08349879086017609,0.16619504988193512,0.02,0.871,0.109,0.8553,0.04285714285714286,0.38571428571428573,0.0,0.856,0.144,0.9118,0.03928571428571429,0.46785714285714286,0.01,0.815,0.175,0.9576,0.17424242424242425,0.4973484848484848,0.9109141230583191,0.03358541056513786,0.055500540882349014,0.007,0.704,0.29,0.9947,0.14678030303030304,0.5052398989898989,0.8418929576873779,0.007574496790766716,0.1505325883626938
Fintech,2025,0.0,0.746,0.254,0.9287,-0.15333333333333332,0.5,0.6500954627990723,0.02005963772535324,0.3298448622226715,0.035,0.929,0.035,-0.25,-0.041666666666666664,0.3083333333333333,0.0,0.841,0.159,0.9468,0.2357142857142857,0.40714285714285714,0.0,0.877,0.123,0.8555,0.19166666666666668,0.3541666666666667,0.8626853227615356,0.009849084541201591,0.12746557593345642,0.0,0.638,0.362,0.988,0.19242424242424244,0.5178030303030303,0.9067182540893555,0.008905296213924885,0.08437655121088028
Life Sciences,2004,0.024,0.746,0.23,0.8934,0.20727272727272728,0.4042424242424242,0.9492127895355225,0.015771901234984398,0.03501537814736366,0.073,0.731,0.196,0.7841,0.16666666666666666,0.5,0.0,0.747,0.253,0.9721,0.37666666666666665,0.5166666666666667,0.044,0.828,0.129,0.7579,0.15333333333333335,0.47333333333333333,0.9514403343200684,0.01752394810318947,0.031035665422677994,0.008,0.676,0.315,0.9933,0.20213068181818178,0.5794981060606061,0.9269991517066956,0.010540487244725227,0.06246035546064377
Life Sciences,2005,0.025,0.809,0.167,0.891,0.15876623376623375,0.4137445887445888,0.936344563961029,0.012616787105798721,0.05103874206542969,0.0,0.806,0.194,0.9578,0.06704545454545455,0.2964015151515152,0.0,0.79,0.21,0.9601,0.13333333333333333,0.3190476190476191,0.0,0.773,0.227,0.9723,0.18232323232323233,0.46868686868686865,0.9455545544624329,0.013805183582007885,0.04064032435417175,0.012,0.667,0.321,0.9876,0.2426997245179063,0.531129476584022,0.9015457034111023,0.007672559469938278,0.09078166633844376
Life Sciences,2006,0.0,0.798,0.202,0.7964,0.18055555555555555,0.5694444444444444,0.9164373874664307,0.023179607465863228,0.06038308143615723,0.023,0.871,0.106,0.8271,0.16085858585858587,0.5426767676767676,0.0,0.813,0.187,0.9633,0.0681060606060606,0.4542424242424242,0.037,0.837,0.126,0.8176,0.05774410774410775,0.4042087542087542,0.9392268657684326,0.013248695991933346,0.047524526715278625,0.0,0.723,0.277,0.9769,0.18446969696969695,0.5687878787878788,0.9011267423629761,0.008764098398387432,0.09010916948318481
Life Sciences,2007,0.0,0.744,0.256,0.9081,0.2,0.35,0.9052492380142212,0.009970470331609249,0.08478027582168579,0.0,0.943,0.057,0.6597,0.03666666666666667,0.4216666666666666,0.0,0.847,0.153,0.9379,0.16666666666666666,0.47500000000000003,0.01,0.776,0.214,0.974,0.11085858585858586,0.5138888888888888,0.9501667618751526,0.01272115483880043,0.037112075835466385,0.014,0.709,0.277,0.9921,0.17972370766488413,0.5906862745098039,0.8916956186294556,0.009485059417784214,0.09881933778524399
Life Sciences,2008,0.102,0.793,0.105,-0.2144,0.05625,0.43125,0.9212461113929749,0.01786702312529087,0.060886941850185394,0.0,0.864,0.136,0.8271,0.125,0.49642857142857144,0.0,0.798,0.202,0.9477,0.095,0.24500000000000002,0.025,0.836,0.138,0.886,0.11227272727272727,0.3975757575757576,0.9422191381454468,0.02986670844256878,0.02791423350572586,0.035,0.748,0.218,0.981,0.14583333333333334,0.5760416666666667,0.9267804026603699,0.013894938863813877,0.05932462960481644
Life Sciences,2009,0.156,0.65,0.195,0.25,0.05555555555555555,0.14444444444444446,0.9456571936607361,0.022925714030861855,0.031417202204465866,0.0,0.718,0.282,0.9259,0.16666666666666666,0.5333333333333333,0.0,0.902,0.098,0.6249,0.26666666666666666,0.3333333333333333,0.041,0.809,0.15,0.8271,0.049999999999999996,0.2785714285714286,0.9538238644599915,0.0219245757907629,0.024251664057374,0.043,0.734,0.223,0.9636,0.12090909090909092,0.4746969696969696,0.9046841859817505,0.014582152478396893,0.08073361217975616
Life Sciences,2010,0.051,0.819,0.13,0.5267,0.052040816326530605,0.31360544217687075,0.8342127203941345,0.020029330626130104,0.1457580029964447,0.0,0.793,0.207,0.936,0.19999999999999998,0.5833333333333334,0.0,0.883,0.117,0.8402,-0.1142857142857143,0.32857142857142857,0.012,0.783,0.205,0.9678,0.14171304885590602,0.5880797773654917,0.9363415241241455,0.011990159749984741,0.05166826769709587,0.029,0.728,0.243,0.988,0.22447240259740256,0.5796266233766234,0.9357832670211792,0.012721815146505833,0.051494937390089035
Life Sciences,2011,0.105,0.708,0.187,0.4522,0.20694444444444446,0.4847222222222222,0.8826544880867004,0.02504417486488819,0.09230130910873413,0.037,0.804,0.159,0.9287,0.2411845730027548,0.5352617079889807,0.013,0.845,0.143,0.9093,0.19166666666666665,0.23333333333333334,0.025,0.854,0.121,0.765,-0.02142857142857143,0.35714285714285715,0.8338309526443481,0.046183280646800995,0.1199856698513031,0.028,0.713,0.259,0.9887,0.28691045796308956,0.4846889952153111,0.8384237885475159,0.008776827715337276,0.1527993530035019
Life Sciences,2012,0.031,0.68,0.289,0.8689,0.21428571428571427,0.5714285714285714,0.8752327561378479,0.02648240700364113,0.09828482568264008,0.0,0.785,0.215,0.9425,0.23500000000000001,0.58,0.0,0.784,0.216,0.9476,0.2090909090909091,0.35113636363636364,0.0,0.863,0.137,0.9109,0.10707070707070705,0.44166666666666665,0.0641402080655098,0.8741589784622192,0.06170075014233589,0.0,0.77,0.23,0.9826,0.24041252864782273,0.38708938120702824,0.7955255508422852,0.01424947939813137,0.19022497534751892
Life Sciences,2013,0.044,0.739,0.218,0.802,0.1750811688311688,0.42199675324675323,0.10919950902462006,0.8084718585014343,0.08232861012220383,0.0,0.883,0.117,0.7579,0.0,0.25,0.0,0.853,0.147,0.8074,0.02727272727272727,0.11090909090909092,0.0,0.787,0.213,0.9571,0.08922558922558924,0.48569023569023567,0.45186254382133484,0.5015816688537598,0.04655582457780838,0.018,0.735,0.247,0.9872,0.10837662337662336,0.41839826839826844,0.7032867074012756,0.01627296954393387,0.28044044971466064
Life Sciences,2014,0.039,0.761,0.201,0.8207,0.18055555555555555,0.40277777777777773,0.8845254778862,0.025852160528302193,0.08962232619524002,0.058,0.779,0.162,0.7096,0.0,0.275,0.0,0.816,0.184,0.886,0.06000000000000001,0.33333333333333337,0.0,0.722,0.278,0.967,0.19065656565656566,0.5853535353535354,0.9531525373458862,0.018137166276574135,0.028710179030895233,0.01,0.726,0.264,0.9859,0.11515151515151516,0.4717948717948718,0.8715938329696655,0.007244803011417389,0.12116134911775589
Life Sciences,2015,0.0,0.71,0.29,0.9588,0.1625,0.3347222222222222,0.8361231088638306,0.011938848532736301,0.15193811058998108,0.0,0.861,0.139,0.9371,0.14166666666666666,0.45833333333333337,0.024,0.794,0.182,0.9402,0.2775132275132275,0.49021164021164026,0.02,0.819,0.161,0.9153,0.09941077441077442,0.4292087542087542,0.7611550688743591,0.03985627368092537,0.19898858666419983,0.0,0.715,0.285,0.9716,0.10142045454545454,0.4141098484848485,0.8850113153457642,0.00897553563117981,0.10601313412189484
Life Sciences,2016,0.101,0.656,0.243,0.836,0.08,0.29,0.7389474511146545,0.1473652720451355,0.11368732899427414,0.015,0.82,0.166,0.9259,0.21607142857142855,0.5267857142857144,0.0,0.862,0.138,0.8947,0.18333333333333332,0.21666666666666665,0.048,0.877,0.076,0.3818,0.008333333333333331,0.3125,0.8396478295326233,0.11549676209688187,0.04485543444752693,0.023,0.755,0.222,0.9783,0.1392518939393939,0.5492424242424243,0.7848075032234192,0.011751702055335045,0.2034408003091812
Life Sciences,2017,0.084,0.76,0.156,0.6486,-0.025,0.4291666666666667,0.24142338335514069,0.5685227513313293,0.1900538206100464,0.0,0.834,0.166,0.9493,0.14259259259259258,0.49259259259259264,0.0,0.826,0.174,0.9517,-0.09393939393939393,0.3090909090909091,0.056,0.852,0.092,0.5859,-0.03796296296296296,0.31203703703703706,0.06291931867599487,0.8738144040107727,0.06326624006032944,0.033,0.704,0.264,0.9934,0.1778030303030303,0.49378787878787883,0.9056350588798523,0.010125959292054176,0.08423895388841629
Life Sciences,2018,0.018,0.728,0.255,0.9595,0.10424242424242425,0.2801731601731602,0.7174018025398254,0.020302418619394302,0.26229581236839294,0.0,0.823,0.177,0.9538,-0.09272727272727273,0.4909090909090909,0.0,0.808,0.192,0.9517,0.18106060606060606,0.34242424242424246,0.011,0.849,0.14,0.9271,0.041904761904761924,0.35333333333333333,0.9509850740432739,0.01387063879519701,0.0351443774998188,0.016,0.689,0.295,0.9874,0.1577380952380952,0.5116341991341992,0.8916354775428772,0.010287908837199211,0.09807665646076202
Life Sciences,2019,0.0,0.865,0.135,0.7184,0.08227272727272728,0.3459090909090909,0.8951974511146545,0.018794838339090347,0.08600772172212601,0.0,0.917,0.083,0.5994,0.0,0.3333333333333333,0.0,0.744,0.256,0.93,0.2,0.3,0.0,0.836,0.164,0.891,0.19166666666666668,0.4666666666666667,0.9499945640563965,0.01572178490459919,0.0342835895717144,0.0,0.737,0.263,0.9895,0.17104978354978354,0.4759199134199134,0.8552325367927551,0.00835293997079134,0.1364145427942276
Life Sciences,2020,0.0,0.86,0.14,0.6705,0.0,0.0,0.9237123727798462,0.011879022233188152,0.06440860033035278,0.0,0.862,0.138,0.9136,-0.09999999999999999,0.39999999999999997,0.0,0.746,0.254,0.9799,0.20157418339236519,0.42725304998032265,0.0,0.766,0.234,0.9818,0.06666666666666667,0.2431818181818182,0.950977087020874,0.013815444894134998,0.03520743176341057,0.0,0.693,0.307,0.995,0.1556060606060606,0.5592424242424242,0.9147117137908936,0.00964372605085373,0.07564462721347809
Life Sciences,2021,0.0,0.813,0.187,0.8807,0.33775510204081627,0.5778911564625852,0.9412707686424255,0.012719042599201202,0.04601021856069565,0.0,0.883,0.117,0.8176,-0.13999999999999999,0.44000000000000006,0.0,0.846,0.154,0.8957,0.0,0.275,0.02,0.775,0.205,0.9628,0.13787878787878788,0.35202020202020207,0.9366451501846313,0.011645236052572727,0.05170963704586029,0.01,0.759,0.23,0.9826,0.16874098124098125,0.47144660894660895,0.9075136780738831,0.008940055966377258,0.08354628831148148
Life Sciences,2022,0.07,0.785,0.144,0.7413,0.35833333333333334,0.525,0.9474644064903259,0.01671913079917431,0.03581646829843521,0.0,0.858,0.142,0.9432,-0.028124999999999997,0.421875,0.0,0.898,0.102,0.8173,0.13333333333333333,0.4166666666666667,0.0,0.87,0.13,0.9081,0.07007575757575758,0.20984848484848484,0.9514603018760681,0.016517313197255135,0.0320223867893219,0.0,0.727,0.273,0.9834,0.17679063360881542,0.5299586776859505,0.8112900257110596,0.008514011278748512,0.18019594252109528
Life Sciences,2023,0.074,0.801,0.125,0.6249,-0.007142857142857137,0.18928571428571428,0.45462357997894287,0.5186158418655396,0.026760512962937355,0.0,0.824,0.176,0.9628,0.04318181818181818,0.4363636363636363,0.0,0.89,0.11,0.8807,0.3138888888888889,0.44722222222222224,0.039,0.757,0.204,0.97,0.07111742424242423,0.25672348484848484,0.8231909275054932,0.03590526804327965,0.1409038007259369,0.013,0.782,0.205,0.9871,0.12280701754385966,0.4362041467304625,0.933901846408844,0.010112819261848927,0.055985286831855774
Life Sciences,2024,0.045,0.68,0.274,0.9531,0.0835416666666667,0.5852083333333333,0.9503455758094788,0.01813250035047531,0.03152197599411011,0.0,0.773,0.227,0.9747,0.03928571428571429,0.4446428571428572,0.0,0.772,0.228,0.9571,0.1625,0.3375,0.017,0.851,0.132,0.91,0.09913419913419912,0.4541125541125541,0.9265417456626892,0.01225115917623043,0.0612071268260479,0.012,0.75,0.238,0.9898,0.16206709956709958,0.5925324675324675,0.9091416597366333,0.009978883899748325,0.08087948709726334
Life Sciences,2025,0.015,0.664,0.32,0.9696,0.036093073593073594,0.5581709956709956,0.942203164100647,0.016824033111333847,0.040972884744405746,0.0,0.88,0.12,0.9348,0.19102564102564104,0.40128205128205124,0.0,0.863,0.137,0.9325,0.16363636363636364,0.3621212121212121,0.0,0.844,0.156,0.9393,0.06759259259259259,0.4564814814814815,0.9489945769309998,0.01494340319186449,0.03606204688549042,0.0,0.767,0.233,0.9891,0.1255208333333333,0.5414299242424242,0.9238663911819458,0.01073142234236002,0.06540215760469437
Media Entertainment and Gaming,2004,0.0,0.817,0.183,0.9062,-0.06458333333333335,0.5020833333333333,0.9304247498512268,0.01741238310933113,0.05216289684176445,0.012,0.904,0.084,0.8271,0.042777777777777776,0.44388888888888883,0.0,0.792,0.208,0.9513,0.26825396825396824,0.38095238095238093,0.0,0.771,0.229,0.9674,0.09196969696969697,0.46378787878787875,0.9471699595451355,0.014715411700308323,0.038114603608846664,0.011,0.73,0.259,0.9922,0.1582010582010582,0.5363756613756614,0.8999583125114441,0.011356397531926632,0.08868531882762909
Media Entertainment and Gaming,2005,0.0,0.733,0.267,0.875,0.06950757575757574,0.515719696969697,0.9088822603225708,0.011176900006830692,0.07994087785482407,0.0,0.825,0.175,0.8555,0.014285714285714287,0.4642857142857143,0.0,0.86,0.14,0.796,0.34,0.5599999999999999,0.0,0.887,0.113,0.8689,0.011111111111111108,0.6277777777777778,0.9484391808509827,0.01667621172964573,0.03488457202911377,0.0,0.757,0.243,0.9888,0.1485294117647059,0.5086007130124778,0.9434326887130737,0.011867460794746876,0.04469994083046913
Media Entertainment and Gaming,2006,0.0,0.736,0.264,0.8807,0.07575757575757575,0.38446969696969696,0.7122572660446167,0.015272927470505238,0.27246978878974915,0.0,0.981,0.019,0.2023,0.07343073593073593,0.37183828076685227,0.0,0.836,0.164,0.8979,0.06818181818181818,0.22727272727272727,0.0,0.734,0.266,0.9712,0.175,0.4683333333333334,0.9416738748550415,0.015235125087201595,0.04309104010462761,0.0,0.763,0.237,0.9896,0.1272186147186147,0.4191017316017316,0.9234057068824768,0.011184845119714737,0.06540944427251816
Media Entertainment and Gaming,2007,0.027,0.833,0.14,0.7003,0.10227272727272727,0.4159090909090909,0.019873742014169693,0.8817244172096252,0.09840188920497894,0.0,0.821,0.179,0.9623,0.07152777777777777,0.2951388888888889,0.0,0.767,0.233,0.9545,0.11931818181818181,0.487012987012987,0.0,0.813,0.187,0.9601,0.04242424242424243,0.5047619047619047,0.9514282941818237,0.017217200249433517,0.03135453909635544,0.019,0.751,0.23,0.9892,0.1257996632996633,0.43733164983164974,0.8704820871353149,0.009670136496424675,0.11984768509864807
Media Entertainment and Gaming,2008,0.108,0.729,0.163,0.4767,0.034523809523809526,0.37976190476190474,0.4074059724807739,0.2823094427585602,0.3102845847606659,0.0,0.814,0.186,0.9571,-0.020936639118457303,0.3488980716253443,0.0,0.92,0.08,0.6369,0.06717171717171717,0.18131313131313131,0.028,0.79,0.182,0.9246,0.08392084106369821,0.38811069882498456,0.9272235631942749,0.011489540338516235,0.06128699332475662,0.033,0.75,0.217,0.9796,0.1516347687400319,0.4798644338118021,0.8505666255950928,0.05135098844766617,0.09808238595724106
Media Entertainment and Gaming,2009,0.0,0.681,0.319,0.9552,0.11856060606060605,0.3799242424242424,0.7892681360244751,0.026183772832155228,0.18454806506633759,0.0,0.88,0.12,0.9001,-0.003787878787878792,0.3416666666666667,0.0,0.928,0.072,0.7269,-0.04006734006734008,0.25193602693602696,0.0,0.81,0.19,0.959,0.07342171717171718,0.28478535353535356,0.929414689540863,0.016452083364129066,0.05413324385881424,0.007,0.771,0.222,0.9891,0.19318181818181815,0.44737076648841356,0.8368867635726929,0.017097359523177147,0.14601589739322662
Media Entertainment and Gaming,2010,0.0,0.797,0.203,0.93,0.10633608815426995,0.3678374655647383,0.8923525214195251,0.01469016820192337,0.09295731782913208,0.0,0.781,0.219,0.9753,0.05754419191919191,0.35486111111111107,0.0,0.859,0.141,0.8885,0.028787878787878775,0.3348484848484848,0.026,0.851,0.122,0.8442,0.02123737373737374,0.37282828282828284,0.9221214652061462,0.010421120561659336,0.06745737791061401,0.008,0.766,0.226,0.9843,0.17124655647382922,0.48508953168044067,0.6947847604751587,0.014874700456857681,0.2903406023979187
Media Entertainment and Gaming,2011,0.0,0.718,0.282,0.9231,0.061616161616161604,0.15353535353535352,0.7075138092041016,0.014230791479349136,0.2782554030418396,0.0,0.806,0.194,0.9694,0.075,0.3178571428571428,0.0,0.881,0.119,0.8591,0.07858126721763083,0.3243112947658402,0.0,0.825,0.175,0.9413,-0.0018939393939393873,0.36363636363636365,0.9235513806343079,0.009935985319316387,0.06651268899440765,0.0,0.747,0.253,0.9865,0.14666666666666667,0.3244444444444445,0.6373094320297241,0.010196312330663204,0.3524942398071289
Media Entertainment and Gaming,2012,0.0,0.824,0.176,0.9062,0.2875,0.5325,0.7074790000915527,0.0190267451107502,0.27349430322647095,0.0,0.758,0.242,0.9917,0.02822966507177034,0.3949760765550239,0.0,0.909,0.091,0.85,0.20454545454545456,0.4636363636363637,0.0,0.828,0.172,0.8625,0.15561224489795916,0.5232993197278911,0.9497161507606506,0.028913427144289017,0.021370481699705124,0.0,0.776,0.224,0.9538,0.14606060606060606,0.36666666666666664,0.8061516880989075,0.008731557987630367,0.18511676788330078
Media Entertainment and Gaming,2013,0.0,0.792,0.208,0.8591,-0.013852813852813858,0.297247990105133,0.8455380797386169,0.06201816350221634,0.09244376420974731,0.0,0.867,0.133,0.872,0.030303030303030297,0.49393939393939396,0.0,0.751,0.249,0.9595,0.04603174603174603,0.5253968253968255,0.017,0.766,0.217,0.9501,0.10792540792540792,0.5862470862470862,0.951438844203949,0.01507531851530075,0.03348592668771744,0.0,0.764,0.236,0.9712,0.0853030303030303,0.5746212121212121,0.8323630690574646,0.012145902961492538,0.15549108386039734
Media Entertainment and Gaming,2014,0.0,0.707,0.293,0.9476,0.2037698412698413,0.3966269841269841,0.9433299899101257,0.014389661140739918,0.04228034242987633,0.024,0.781,0.195,0.9648,0.026923076923076914,0.5038461538461539,0.0,0.816,0.184,0.9529,-0.03472222222222223,0.5319444444444444,0.0,0.842,0.158,0.9287,0.02604166666666667,0.46979166666666666,0.9435166120529175,0.01612304151058197,0.04036034271121025,0.0,0.723,0.277,0.9904,0.11481481481481483,0.4433080808080808,0.8129299879074097,0.007621803320944309,0.17944830656051636
Media Entertainment and Gaming,2015,0.0,0.75,0.25,0.8934,0.075,0.325,0.8124151229858398,0.02003128081560135,0.1675536334514618,0.0,0.83,0.17,0.9666,0.062121212121212126,0.33484848484848484,0.03,0.915,0.055,0.2263,0.125,0.325,0.0,0.892,0.108,0.8074,0.006060606060606064,0.21298701298701295,0.9432939887046814,0.014790031127631664,0.04191602021455765,0.0,0.697,0.303,0.9933,0.21049783549783546,0.5326118326118325,0.7717404961585999,0.012801246717572212,0.21545827388763428
Media Entertainment and Gaming,2016,0.0,0.815,0.185,0.8934,-0.0062500000000000056,0.36875,0.6762022376060486,0.015172204002737999,0.30862560868263245,0.01,0.94,0.049,0.6808,0.06677777777777778,0.44988888888888884,0.0,0.85,0.15,0.946,0.03727272727272727,0.3832900432900433,0.0,0.862,0.138,0.8979,0.038888888888888896,0.33888888888888885,0.9398641586303711,0.013679455034434795,0.046456336975097656,0.0,0.744,0.256,0.9844,0.18636363636363637,0.5250582750582751,0.8863955140113831,0.00858913455158472,0.1050153374671936
Media Entertainment and Gaming,2017,0.0,0.767,0.233,0.9001,0.0,0.0,0.9367049932479858,0.018940230831503868,0.044354766607284546,0.0,0.893,0.107,0.802,-0.025,0.31875,0.0,0.959,0.041,0.4404,0.37878787878787873,0.6515151515151515,0.0,0.785,0.215,0.9274,0.06666666666666668,0.25166666666666665,0.940177857875824,0.012926853261888027,0.04689529165625572,0.0,0.684,0.316,0.985,0.17982954545454546,0.446875,0.9199681282043457,0.009041091427206993,0.07099081575870514
Media Entertainment and Gaming,2018,0.025,0.799,0.177,0.886,-0.06590909090909092,0.21363636363636362,0.9474067091941833,0.014970371499657631,0.03762290999293327,0.0,0.887,0.113,0.8658,0.030713383838383835,0.297979797979798,0.0,0.83,0.17,0.9393,0.009393939393939394,0.32242424242424245,0.0,0.82,0.18,0.959,-0.03333333333333333,0.31309523809523815,0.9069280028343201,0.01001110952347517,0.0830608457326889,0.0,0.692,0.308,0.9959,0.20711399711399708,0.5438239538239538,0.928925633430481,0.009950939565896988,0.061123497784137726
Media Entertainment and Gaming,2019,0.0,0.715,0.285,0.9477,0.20833333333333334,0.4083333333333333,0.9010232090950012,0.009991743601858616,0.08898510038852692,0.013,0.86,0.127,0.872,0.09375,0.46875,0.0,0.904,0.096,0.7906,0.21212121212121213,0.6515151515151515,0.0,0.805,0.195,0.9559,0.053703703703703705,0.3259259259259259,0.9389899969100952,0.013319392688572407,0.047690629959106445,0.0,0.684,0.316,0.9831,0.276969696969697,0.5854545454545454,0.8872655630111694,0.00904703140258789,0.10368739068508148
Media Entertainment and Gaming,2020,0.0,0.757,0.243,0.9201,0.23423160173160168,0.4591450216450216,0.9295815229415894,0.01664753444492817,0.053771015256643295,0.0,0.866,0.134,0.9186,0.10520833333333333,0.4197916666666667,0.0,0.798,0.202,0.9552,0.29404761904761906,0.49404761904761907,0.0,0.815,0.185,0.9618,0.09600550964187327,0.5493112947658403,0.7906773686408997,0.015070990659296513,0.1942516267299652,0.0,0.705,0.295,0.9944,0.13858901515151514,0.42741477272727274,0.9382491707801819,0.010386759415268898,0.051364026963710785
Media Entertainment and Gaming,2021,0.0,0.755,0.245,0.9001,0.18055555555555555,0.40277777777777773,0.9292789101600647,0.01636425592005253,0.05435684695839882,0.016,0.926,0.059,0.4588,-0.03787878787878789,0.4666666666666666,0.0,1.0,0.0,0.0,0.05727272727272725,0.5209090909090909,0.0,0.869,0.131,0.8689,0.12121212121212123,0.48541666666666666,0.9425432085990906,0.014160952530801296,0.04329584166407585,0.0,0.733,0.267,0.9854,0.14883522727272727,0.48629734848484846,0.9235715270042419,0.0133838364854455,0.06304461508989334
Media Entertainment and Gaming,2022,0.0,0.729,0.271,0.9657,0.23333333333333336,0.3277777777777778,0.9529284238815308,0.016504066064953804,0.030567442998290062,0.0,0.865,0.135,0.8934,0.06666666666666667,0.3555555555555556,0.0,0.866,0.134,0.8358,0.2777777777777778,0.47222222222222215,0.0,0.769,0.231,0.9609,0.04015151515151515,0.3408080808080808,0.9163124561309814,0.015341117046773434,0.06834637373685837,0.0,0.703,0.297,0.9927,0.1969047619047619,0.5233246753246753,0.8626142740249634,0.007176075130701065,0.13020962476730347
Media Entertainment and Gaming,2023,0.029,0.776,0.195,0.8934,0.08888888888888889,0.24444444444444446,0.8572879433631897,0.09280227869749069,0.04990982636809349,0.0,0.843,0.157,0.9371,0.058333333333333334,0.2791666666666667,0.0,0.883,0.117,0.7579,0.03989898989898989,0.37373737373737376,0.0,0.939,0.061,0.4019,-0.09999999999999999,0.31666666666666665,0.6571192741394043,0.30805033445358276,0.03483036532998085,0.0,0.669,0.331,0.9968,0.11710526315789474,0.47236842105263155,0.8463252782821655,0.018975723534822464,0.13469897210597992
Media Entertainment and Gaming,2024,0.0,0.868,0.132,0.8074,-0.09722222222222221,0.34722222222222215,0.7123257517814636,0.024683305993676186,0.26299095153808594,0.012,0.875,0.112,0.8779,0.02811447811447811,0.2925925925925926,0.0,0.957,0.043,0.5267,0.14404761904761904,0.2630952380952381,0.0,0.848,0.152,0.9169,0.07916666666666666,0.34895833333333337,0.9415825605392456,0.011754054576158524,0.04666341096162796,0.0,0.752,0.248,0.9889,0.16372549019607846,0.5213458110516934,0.7841112017631531,0.010994951240718365,0.20489385724067688
Media Entertainment and Gaming,2025,0.0,0.827,0.173,0.9169,0.14652777777777778,0.5638888888888889,0.5043140649795532,0.020218832418322563,0.47546708583831787,0.0,0.94,0.06,0.5994,-0.1125,0.33749999999999997,0.0,0.883,0.117,0.8834,0.26,0.65,0.0,0.847,0.153,0.9217,0.07037037037037037,0.46481481481481485,0.9408326745033264,0.012565609999001026,0.04660172760486603,0.0,0.689,0.311,0.9921,0.21569264069264069,0.5830627705627707,0.7826626300811768,0.009586603380739689,0.20775072276592255
Real Estate,2004,0.0,0.771,0.229,0.9152,0.21916666666666665,0.43500000000000005,0.9536501169204712,0.024631429463624954,0.021718446165323257,0.046,0.79,0.164,0.9349,0.10311942959001784,0.29438502673796796,0.037,0.807,0.155,0.936,0.1365079365079365,0.27079365079365075,0.019,0.803,0.178,0.9583,0.12130303030303027,0.43612121212121213,0.912773072719574,0.04821593314409256,0.03901103511452675,0.054,0.752,0.194,0.9756,0.18551652892561987,0.4830096418732783,0.7075307965278625,0.014463326893746853,0.2780058681964874
Real Estate,2005,0.022,0.752,0.226,0.9398,0.10711111111111109,0.3528888888888889,0.6661596298217773,0.28765755891799927,0.046182796359062195,0.014,0.929,0.058,0.5994,0.08737373737373738,0.27643097643097647,0.045,0.802,0.152,0.8481,0.1956439393939394,0.3903409090909091,0.019,0.695,0.286,0.9907,0.20332611832611835,0.46612554112554105,0.03154420107603073,0.9397680163383484,0.02868770807981491,0.0,0.795,0.205,0.9881,0.16386002886002884,0.5225757575757576,0.9226089715957642,0.01018128078430891,0.06720975041389465
Real Estate,2006,0.0,0.934,0.066,0.6124,0.12,0.48,0.6848832964897156,0.09953773021697998,0.21557900309562683,0.0,0.893,0.107,0.8885,0.0787878787878788,0.3303030303030303,0.049,0.722,0.229,0.9633,0.1625,0.42916666666666664,0.024,0.874,0.102,0.7845,0.19642857142857142,0.4892857142857143,0.0112976199015975,0.9672766327857971,0.021425755694508553,0.078,0.781,0.141,0.9062,0.19158102766798418,0.5449802371541503,0.03568539023399353,0.8956335783004761,0.06868098676204681
Real Estate,2007,0.072,0.858,0.07,-0.0258,0.059375,0.5458333333333334,0.007673538755625486,0.9690203070640564,0.023306159302592278,0.0,0.895,0.105,0.7579,0.20666666666666664,0.4133333333333333,0.0,0.812,0.188,0.9287,0.20555555555555557,0.5277777777777778,0.102,0.805,0.093,0.0772,0.16488095238095238,0.36190476190476195,0.047896433621644974,0.8950986862182617,0.05700485408306122,0.167,0.684,0.149,-0.6859,0.1013157894736842,0.5342105263157895,0.22847731411457062,0.03302917256951332,0.7384935021400452
Real Estate,2008,0.278,0.722,0.0,-0.9666,0.04583333333333334,0.3541666666666667,0.008657817728817463,0.9668225646018982,0.024519681930541992,0.124,0.74,0.136,0.0336,0.07411616161616162,0.44936868686868686,0.054,0.863,0.084,0.3182,0.07012987012987013,0.2801948051948052,0.184,0.734,0.082,-0.8977,0.05772727272727273,0.5559090909090908,0.06733033061027527,0.7842980027198792,0.14837178587913513,0.096,0.713,0.191,0.9198,0.0890625,0.4484375,0.17487730085849762,0.018876127898693085,0.8062465786933899
Real Estate,2009,0.168,0.618,0.214,0.631,0.105,0.3021428571428571,0.25968873500823975,0.710210382938385,0.030100926756858826,0.037,0.814,0.15,0.765,0.15,0.3666666666666667,0.039,0.778,0.183,0.9169,0.2214876033057851,0.3913223140495868,0.079,0.796,0.126,0.584,0.17575757575757575,0.4303030303030303,0.28039705753326416,0.6535930037498474,0.06600992381572723,0.058,0.697,0.246,0.9845,0.21436387686387687,0.5312349687349687,0.9370827078819275,0.012606603093445301,0.050310730934143066
Real Estate,2010,0.136,0.793,0.071,-0.5994,0.056666666666666664,0.18,0.938317060470581,0.04450010508298874,0.01718290150165558,0.0,0.819,0.181,0.8979,0.1222222222222222,0.2666666666666667,0.0,0.912,0.088,0.7351,0.23888888888888887,0.3037037037037037,0.032,0.885,0.083,0.4215,0.06190476190476191,0.2952380952380952,0.5939255952835083,0.3351035416126251,0.07097085565328598,0.019,0.75,0.231,0.9705,0.23666666666666666,0.36583333333333334,0.9249800443649292,0.009321502409875393,0.06569845974445343
Real Estate,2011,0.181,0.707,0.112,-0.6728,0.11061224489795919,0.47306122448979593,0.8567977547645569,0.11453711986541748,0.02866506204009056,0.062,0.815,0.123,0.7579,0.14348739495798318,0.4281512605042017,0.032,0.772,0.196,0.9647,0.19698515769944344,0.4385899814471243,0.136,0.704,0.16,0.3818,0.1139455782312925,0.47329931972789113,0.19659766554832458,0.7070767879486084,0.09632549434900284,0.105,0.624,0.272,0.9871,0.25135882635882634,0.568440355940356,0.2758234441280365,0.6086226105690002,0.11555387824773788
Real Estate,2012,0.109,0.727,0.164,0.3612,0.025757575757575757,0.4636363636363636,0.9415598511695862,0.014105420559644699,0.0443347692489624,0.0,0.939,0.061,0.7184,0.17592592592592593,0.37962962962962965,0.0,0.797,0.203,0.9545,0.10404040404040406,0.18383838383838386,0.0,0.821,0.179,0.9531,-0.06666666666666667,0.3875,0.9207651615142822,0.013431927189230919,0.06580289453268051,0.033,0.714,0.253,0.9861,0.26002331002331,0.5025641025641024,0.8869577646255493,0.009271536953747272,0.1037706509232521
Real Estate,2013,0.077,0.766,0.157,0.5106,0.11111111111111112,0.3055555555555556,0.9542647004127502,0.020115051418542862,0.025620251893997192,0.0,0.921,0.079,0.5719,0.06785714285714287,0.30357142857142855,0.036,0.695,0.269,0.9145,0.24,0.32,0.029,0.765,0.206,0.9136,0.10714285714285714,0.3714285714285714,0.9341592192649841,0.032120730727910995,0.03372005373239517,0.027,0.766,0.207,0.98,0.15662878787878787,0.4932765151515151,0.8927987217903137,0.009142336435616016,0.09805893898010254
Real Estate,2014,0.065,0.811,0.124,0.4019,0.10000000000000002,0.27499999999999997,0.9232757091522217,0.021179363131523132,0.055545005947351456,0.0,0.874,0.126,0.8957,0.045454545454545456,0.4,0.0,0.874,0.126,0.8591,0.24772727272727268,0.4007575757575757,0.02,0.802,0.178,0.9501,0.08497474747474748,0.31287878787878787,0.9430323839187622,0.02418379671871662,0.03278381749987602,0.012,0.78,0.207,0.9872,0.12878787878787878,0.4705627705627705,0.9136587381362915,0.010400536470115185,0.07594065368175507
Real Estate,2015,0.0,0.747,0.253,0.8885,0.07777777777777779,0.22222222222222224,0.9552930593490601,0.02110268734395504,0.023604165762662888,0.021,0.851,0.128,0.8591,0.07499999999999998,0.29166666666666663,0.0,0.932,0.068,0.6369,0.08181818181818182,0.16439393939393943,0.015,0.822,0.163,0.936,0.11282051282051281,0.28974358974358977,0.9541621208190918,0.016837384551763535,0.02900053560733795,0.0,0.727,0.273,0.9914,0.14380570409982174,0.524554367201426,0.9373631477355957,0.011399198323488235,0.051237720996141434
Real Estate,2016,0.117,0.818,0.065,-0.5267,0.10833333333333332,0.20416666666666666,0.7325645685195923,0.17094945907592773,0.0964859127998352,0.02,0.846,0.134,0.9325,0.09010416666666667,0.32239583333333327,0.024,0.791,0.185,0.9231,0.10833333333333334,0.20833333333333334,0.0,0.822,0.178,0.9382,0.075,0.4966666666666667,0.9468576908111572,0.02318335697054863,0.029958968982100487,0.008,0.7,0.292,0.9938,0.14968434343434348,0.4609848484848485,0.7622987627983093,0.01031496375799179,0.22738617658615112
Real Estate,2017,0.068,0.814,0.117,0.5574,0.1601010101010101,0.36313131313131314,0.9258646965026855,0.03414930775761604,0.03998604416847229,0.011,0.859,0.13,0.9371,0.05225726654298083,0.35525664811379093,0.0,0.831,0.169,0.908,0.22499999999999998,0.44375,0.037,0.775,0.188,0.9442,0.10047348484848484,0.34971590909090916,0.9507924914360046,0.021156560629606247,0.028051041066646576,0.009,0.81,0.181,0.9761,0.16533189033189033,0.5313492063492063,0.8889754414558411,0.00839834101498127,0.10262617468833923
Real Estate,2018,0.044,0.723,0.233,0.9334,0.1696969696969697,0.37542087542087543,0.9316378831863403,0.016116244718432426,0.05224589258432388,0.0,0.9,0.1,0.872,0.1647727272727273,0.4971590909090909,0.0,0.919,0.081,0.7906,0.2245580808080808,0.3851010101010101,0.0,0.778,0.222,0.9777,0.08422619047619048,0.340922619047619,0.9412137269973755,0.026125557720661163,0.03266073390841484,0.033,0.74,0.228,0.9758,0.20702020202020202,0.5427777777777778,0.8508016467094421,0.009142452850937843,0.14005593955516815
Real Estate,2019,0.041,0.81,0.148,0.7351,0.125,0.5511904761904762,0.7463330030441284,0.19022785127162933,0.06343922019004822,0.013,0.89,0.097,0.8402,0.217687074829932,0.4863945578231293,0.023,0.826,0.152,0.9152,0.25000000000000006,0.40384615384615385,0.064,0.785,0.152,0.7832,0.12044817927170867,0.42724089635854345,0.15204600989818573,0.7034987807273865,0.14445523917675018,0.0,0.83,0.17,0.9798,0.1432900432900433,0.46334776334776334,0.874089777469635,0.012534144334495068,0.11337611824274063
Real Estate,2020,0.052,0.808,0.139,0.6293,0.10462962962962961,0.36759259259259264,0.7633064985275269,0.17381641268730164,0.06287708878517151,0.0,0.821,0.179,0.9118,0.027074314574314574,0.3337481962481963,0.025,0.825,0.15,0.8822,0.15277777777777776,0.3,0.047,0.887,0.066,0.3612,0.09821428571428571,0.3636904761904762,0.7430875301361084,0.12851382791996002,0.1283986121416092,0.045,0.807,0.149,0.9282,0.15334982477839623,0.404627911770769,0.8723205924034119,0.014557981863617897,0.11312147229909897
Real Estate,2021,0.0,0.715,0.285,0.9403,0.3704365079365079,0.6132936507936507,0.9191918969154358,0.02807013876736164,0.05273792892694473,0.013,0.851,0.137,0.9081,0.06923076923076923,0.2615384615384615,0.0,0.838,0.162,0.9325,0.36,0.54,0.023,0.786,0.191,0.9749,0.09338383838383836,0.4307323232323233,0.9177802801132202,0.0274672769010067,0.05475247651338577,0.0,0.747,0.253,0.9885,0.13412698412698412,0.44403559403559395,0.9152097702026367,0.008194026537239552,0.07659618556499481
Real Estate,2022,0.0,0.82,0.18,0.8481,0.2340909090909091,0.4636363636363636,0.867048442363739,0.02336871065199375,0.1095827966928482,0.015,0.795,0.191,0.9349,0.045370370370370366,0.4046296296296296,0.012,0.819,0.169,0.9342,0.1955952380952381,0.3879761904761906,0.012,0.715,0.274,0.9863,0.13695114409400122,0.35780766852195417,0.6761183738708496,0.20763441920280457,0.1162472814321518,0.0,0.759,0.241,0.9771,0.1496685606060606,0.5482007575757576,0.8491732478141785,0.011116565205156803,0.13971012830734253
Real Estate,2023,0.039,0.805,0.156,0.7964,0.058750000000000004,0.30375,0.9391865134239197,0.034040600061416626,0.02677295170724392,0.014,0.848,0.138,0.9001,0.012500000000000002,0.2791666666666667,0.0,0.903,0.097,0.7717,0.24200336700336697,0.3673039923039923,0.021,0.776,0.203,0.9403,0.0638888888888889,0.35277777777777775,0.9561883807182312,0.022687247022986412,0.021124450489878654,0.024,0.749,0.227,0.9871,0.25202020202020203,0.5127525252525253,0.8900356292724609,0.00816283468157053,0.1018015667796135
Real Estate,2024,0.032,0.795,0.173,0.8316,0.03628571428571428,0.42514285714285716,0.539681613445282,0.40391236543655396,0.05640595033764839,0.011,0.861,0.128,0.9287,0.04,0.17,0.0,0.859,0.141,0.8979,0.12626262626262627,0.3393939393939394,0.033,0.82,0.147,0.9387,0.029999999999999992,0.45000000000000007,0.9488218426704407,0.02562638744711876,0.025551797822117805,0.028,0.772,0.2,0.9827,0.1620731120731121,0.4921837421837421,0.915074348449707,0.009822708554565907,0.0751030221581459
Real Estate,2025,0.052,0.839,0.109,0.5574,0.014761904761904763,0.29714285714285715,0.920954167842865,0.03490200266242027,0.04414372146129608,0.012,0.854,0.135,0.9325,0.06160714285714286,0.3973214285714286,0.019,0.802,0.179,0.9412,0.2400974025974026,0.3699675324675324,0.0,0.842,0.158,0.946,0.053484848484848475,0.343030303030303,0.7227330803871155,0.1727859079837799,0.10448101162910461,0.013,0.827,0.16,0.9694,0.12384559884559884,0.48080808080808074,0.8725278377532959,0.011257575824856758,0.1162145659327507
Technology,2004,0.0,0.763,0.237,0.872,0.07878787878787878,0.28484848484848485,0.9317003488540649,0.016148140653967857,0.05215141549706459,0.02,0.881,0.098,0.7506,0.11875,0.39375,0.0,0.793,0.207,0.9061,0.21944444444444444,0.34722222222222227,0.0,0.771,0.229,0.9652,0.11000000000000001,0.49333333333333335,0.9509909152984619,0.016217440366744995,0.032791588455438614,0.0,0.755,0.245,0.9628,0.15000000000000002,0.44431818181818183,0.9343323707580566,0.012288912199437618,0.053378693759441376
Technology,2005,0.056,0.764,0.18,0.7184,0.025,0.225,0.864326000213623,0.01804080791771412,0.11763317883014679,0.0,0.893,0.107,0.8442,-0.02,0.24,0.0,0.858,0.142,0.886,0.0875,0.1625,0.029,0.849,0.122,0.7783,0.10972222222222223,0.4847222222222222,0.9348956346511841,0.012353191152215004,0.05275127664208412,0.047,0.734,0.219,0.9712,0.11689976689976689,0.34557109557109555,0.934032678604126,0.012905074283480644,0.05306226760149002
Technology,2006,0.0,0.858,0.142,0.7884,0.06727272727272726,0.1959090909090909,0.49095210433006287,0.019426541402935982,0.4896214008331299,0.0,0.801,0.199,0.9646,0.2138888888888889,0.46222222222222226,0.0,0.915,0.085,0.836,0.11792929292929294,0.4745791245791246,0.0,0.74,0.26,0.9741,0.11560606060606063,0.5559090909090908,0.9360314607620239,0.01359406765550375,0.05037452280521393,0.0,0.811,0.189,0.9843,0.09246031746031746,0.49307359307359305,0.8934528231620789,0.009882365353405476,0.09666486084461212
Technology,2007,0.054,0.785,0.16,0.6444,0.08409090909090908,0.21363636363636362,0.8066493272781372,0.013797714374959469,0.1795528680086136,0.0,0.862,0.138,0.885,0.16354166666666667,0.5333333333333334,0.0,0.804,0.196,0.9081,0.16111111111111112,0.41111111111111115,0.0,0.755,0.245,0.9419,0.1625,0.39166666666666666,0.9442318081855774,0.012113762088119984,0.043654464185237885,0.0,0.702,0.298,0.985,0.18518518518518517,0.4393939393939394,0.9159201979637146,0.010171467438340187,0.07390835136175156
Technology,2008,0.044,0.884,0.072,0.128,0.04727272727272727,0.1759090909090909,0.5601814985275269,0.07763749361038208,0.36218106746673584,0.0,0.855,0.145,0.9169,-0.04004329004329005,0.31731601731601733,0.018,0.877,0.104,0.6886,0.16954545454545453,0.39681818181818185,0.018,0.646,0.335,0.9682,0.18008658008658007,0.5383116883116883,0.741298258304596,0.09062286466360092,0.16807891428470612,0.056,0.63,0.314,0.9935,0.20678210678210676,0.5490620490620491,0.7959242463111877,0.06769482791423798,0.1363808810710907
Technology,2009,0.14,0.748,0.112,-0.4284,0.19166666666666668,0.45833333333333337,0.3957376182079315,0.5619001984596252,0.04236220940947533,0.0,0.806,0.194,0.8689,0.011111111111111112,0.35555555555555557,0.0,0.803,0.197,0.8824,0.08333333333333333,0.16666666666666666,0.016,0.736,0.248,0.957,0.06416666666666665,0.5208333333333333,0.9502139091491699,0.017905859276652336,0.031880300492048264,0.085,0.737,0.178,0.946,0.13636363636363635,0.43626482213438733,0.5165980458259583,0.3971708416938782,0.08623119443655014
Technology,2010,0.079,0.87,0.05,-0.3612,0.07272727272727272,0.2590909090909091,0.5382118225097656,0.013814271427690983,0.44797393679618835,0.0,0.784,0.216,0.9517,0.035416666666666666,0.5270833333333333,0.0,0.869,0.131,0.7943,0.25075757575757573,0.49696969696969695,0.033,0.744,0.223,0.9231,-0.023333333333333317,0.5466666666666666,0.9098151922225952,0.012782549485564232,0.07740224152803421,0.028,0.812,0.16,0.9442,0.17603305785123968,0.40082644628099173,0.8894167542457581,0.007121932227164507,0.10346131771802902
Technology,2011,0.05,0.807,0.143,0.6326,0.07777777777777777,0.15555555555555553,0.8807467222213745,0.018643496558070183,0.10060975700616837,0.0,0.888,0.112,0.8625,0.013299663299663292,0.43013468013468015,0.0,0.869,0.131,0.8689,0.049166666666666664,0.2033333333333333,0.0,0.809,0.191,0.9382,0.10311447811447812,0.4255050505050505,0.9315290451049805,0.010647854767739773,0.05782309174537659,0.014,0.763,0.222,0.9885,0.13806818181818184,0.42821969696969686,0.8906400203704834,0.011441563256084919,0.09791839867830276
Technology,2012,0.05,0.787,0.163,0.6486,0.3162121212121212,0.6034848484848485,0.952489972114563,0.01808628998696804,0.02942373976111412,0.017,0.861,0.122,0.8074,0.1683982683982684,0.48497835497835495,0.029,0.87,0.101,0.6124,0.05416666666666667,0.3666666666666667,0.0,0.794,0.206,0.9231,0.1662121212121212,0.3659848484848485,0.9533242583274841,0.017422834411263466,0.02925296314060688,0.012,0.685,0.303,0.9858,0.23611111111111113,0.6073232323232324,0.9138474464416504,0.00869867205619812,0.07745379954576492
Technology,2013,0.0,0.788,0.212,0.8481,0.04545454545454545,0.18484848484848485,0.6913416981697083,0.013918248005211353,0.29474011063575745,0.02,0.98,0.0,-0.2263,0.1357142857142857,0.7428571428571428,0.019,0.876,0.105,0.791,0.20799319727891155,0.39098639455782314,0.035,0.675,0.29,0.9442,0.10975378787878788,0.5161931818181819,0.9376561045646667,0.012286059558391571,0.050057753920555115,0.011,0.77,0.219,0.9734,0.13356643356643355,0.43688811188811183,0.6636006236076355,0.011630269698798656,0.3247690796852112
Technology,2014,0.0,0.792,0.208,0.8402,0.05656565656565656,0.17373737373737375,0.8838591575622559,0.01036297157406807,0.10577782988548279,0.0,0.831,0.169,0.9538,0.22388167388167388,0.552886002886003,0.0,0.869,0.131,0.8591,0.17857142857142858,0.3821428571428571,0.0,0.791,0.209,0.9432,0.061616161616161624,0.3313131313131313,0.9150769114494324,0.009882250800728798,0.07504082471132278,0.0,0.7,0.3,0.9829,0.11333333333333333,0.5621212121212121,0.7988884449005127,0.00922316499054432,0.1918884515762329
Technology,2015,0.0,0.847,0.153,0.8225,0.1434659090909091,0.45738636363636365,0.8304449319839478,0.016638999804854393,0.1529160737991333,0.0,0.884,0.116,0.9324,0.06433566433566434,0.6118881118881119,0.0,0.836,0.164,0.9393,0.07164366883116882,0.2653896103896104,0.023,0.766,0.211,0.9451,0.12604166666666666,0.6010416666666667,0.9173083901405334,0.010130353271961212,0.07256132364273071,0.0,0.738,0.262,0.9923,0.1489047619047619,0.542991341991342,0.916748583316803,0.011071963235735893,0.07217947393655777
Technology,2016,0.0,0.81,0.19,0.9062,-0.1111111111111111,0.5027777777777778,0.8822585940361023,0.013069698587059975,0.10467170178890228,0.0,0.868,0.132,0.9186,0.15109577922077924,0.6414502164502164,0.0,0.91,0.09,0.7506,0.14805194805194805,0.522077922077922,0.027,0.8,0.173,0.9001,0.12916666666666668,0.7166666666666667,0.9265812635421753,0.03826737776398659,0.03515128418803215,0.0,0.729,0.271,0.9896,0.12137862137862138,0.5644688644688645,0.8906311392784119,0.01276485063135624,0.09660400450229645
Technology,2017,0.0,0.778,0.222,0.9403,-0.009870129870129868,0.6166233766233766,0.4843817949295044,0.014362304471433163,0.5012559294700623,0.0,0.862,0.138,0.9246,0.0036363636363636403,0.6204545454545455,0.03,0.902,0.068,0.4767,0.21393939393939396,0.45757575757575764,0.0,0.818,0.182,0.891,0.09333333333333334,0.5433333333333333,0.931554913520813,0.017527485266327858,0.05091768503189087,0.024,0.652,0.324,0.9866,0.16859595959595958,0.5362525252525253,0.7674623727798462,0.013679048977792263,0.21885861456394196
Technology,2018,0.019,0.735,0.246,0.9393,0.16717171717171717,0.4868686868686869,0.9454899430274963,0.014369039796292782,0.04014113172888756,0.0,0.907,0.093,0.875,0.038636363636363635,0.5754545454545454,0.024,0.868,0.108,0.7906,0.12787878787878787,0.5084848484848485,0.0,0.83,0.17,0.9325,0.1619047619047619,0.3619047619047619,0.9539928436279297,0.020021067932248116,0.02598610892891884,0.012,0.713,0.275,0.9801,0.16807692307692307,0.5549999999999999,0.9238011837005615,0.009925865568220615,0.066273033618927
Technology,2019,0.0,0.714,0.286,0.9371,0.13916666666666666,0.5866666666666667,0.8146076202392578,0.011626564897596836,0.17376579344272614,0.0,0.871,0.129,0.9099,0.14500000000000002,0.625,0.0,0.905,0.095,0.7269,0.11584821428571429,0.6723214285714286,0.0,0.755,0.245,0.9607,0.10119047619047619,0.40119047619047615,0.9532359838485718,0.0177015233784914,0.029062539339065552,0.0,0.758,0.242,0.9853,0.23490196078431372,0.5369340463458111,0.9174895882606506,0.013905851170420647,0.06860459595918655
Technology,2020,0.048,0.838,0.114,0.5828,0.09375,0.41875,0.8447450995445251,0.0119480574503541,0.14330680668354034,0.021,0.829,0.15,0.8807,-0.039999999999999994,0.39,0.0,0.895,0.105,0.7906,0.30357142857142855,0.41785714285714287,0.0,0.751,0.249,0.9485,0.14924242424242426,0.5232683982683983,0.936876654624939,0.012697773054242134,0.05042564123868942,0.021,0.739,0.24,0.989,0.15489267676767676,0.3998737373737374,0.876044511795044,0.008429563604295254,0.11552588641643524
Technology,2021,0.041,0.844,0.115,0.5584,0.2032312925170068,0.5862244897959183,0.6853163838386536,0.021573085337877274,0.29311060905456543,0.013,0.868,0.119,0.9042,-0.035664335664335654,0.37012987012987014,0.0,0.887,0.113,0.8689,0.1191919191919192,0.5037878787878788,0.014,0.789,0.197,0.9413,0.11111111111111112,0.39444444444444454,0.9505332708358765,0.0185039434581995,0.030962781980633736,0.028,0.741,0.231,0.9854,0.16785902503293804,0.5048682476943348,0.9233186841011047,0.014364375732839108,0.062316954135894775
Technology,2022,0.047,0.649,0.305,0.9623,0.20104166666666667,0.6385416666666667,0.7260436415672302,0.1429016888141632,0.13105474412441254,0.0,0.856,0.144,0.9413,0.16666666666666666,0.4583333333333333,0.0,0.826,0.174,0.9216,0.2727272727272727,0.49242424242424243,0.031,0.789,0.18,0.9527,0.1575,0.44416666666666665,0.7075216174125671,0.1330069899559021,0.15947142243385315,0.008,0.635,0.357,0.9976,0.2642857142857143,0.5767857142857142,0.9452667236328125,0.013603106141090393,0.0411301851272583
Technology,2023,0.0,0.85,0.15,0.836,0.22937500000000002,0.526875,0.04521679878234863,0.9075638651847839,0.04721932113170624,0.015,0.71,0.275,0.9875,0.1185897435897436,0.4955128205128205,0.0,0.835,0.165,0.9246,0.19338280766852195,0.5053803339517625,0.026,0.739,0.235,0.9773,0.11103896103896105,0.3814935064935065,0.9065470695495605,0.01124314870685339,0.0822097435593605,0.029,0.697,0.274,0.9922,0.2549840510366826,0.5300637958532695,0.9068366289138794,0.04888518527150154,0.04427814111113548
Technology,2024,0.035,0.723,0.242,0.9074,0.039999999999999994,0.4533333333333333,0.9523429274559021,0.01927098073065281,0.028386129066348076,0.0,0.869,0.131,0.8934,-0.04204545454545454,0.3795454545454545,0.012,0.771,0.216,0.9652,0.31166666666666665,0.5216666666666667,0.0,0.893,0.107,0.8779,0.09166666666666667,0.36666666666666664,0.9400536417961121,0.01662525348365307,0.043321117758750916,0.0,0.725,0.275,0.9942,0.14833333333333337,0.4960606060606061,0.9272391200065613,0.009835336357355118,0.06292553246021271
Technology,2025,0.043,0.771,0.186,0.7906,-0.058333333333333334,0.3833333333333333,0.9315504431724548,0.011845069006085396,0.05660446733236313,0.041,0.874,0.085,0.3818,0.11948051948051949,0.5863636363636363,0.0,0.902,0.098,0.7506,0.0,0.0,0.02,0.836,0.144,0.9153,0.09270833333333334,0.44270833333333337,0.9501103758811951,0.017636453732848167,0.03225312754511833,0.045,0.7,0.255,0.9818,0.18987179487179487,0.6614102564102564,0.7582958340644836,0.009903160855174065,0.23180104792118073
Telecom,2004,0.0,0.84,0.16,0.8176,0.18166666666666667,0.6083333333333333,0.9486996531486511,0.024552734568715096,0.02674764208495617,0.0,0.95,0.05,0.6124,0.07777777777777778,0.5777777777777778,0.0,0.842,0.158,0.8834,0.0625,0.14583333333333334,0.0,0.804,0.196,0.9382,-0.0020833333333333294,0.4979166666666667,0.7064926028251648,0.19874371588230133,0.09476357698440552,0.016,0.73,0.254,0.991,0.18449197860962563,0.544162210338681,0.9281809329986572,0.010548088699579239,0.06127101182937622
Telecom,2005,0.0,0.906,0.094,0.6249,0.12272727272727273,0.5257575757575758,0.9172436594963074,0.05795092135667801,0.024805495515465736,0.03,0.923,0.048,0.25,0.0,0.875,0.0,0.849,0.151,0.8126,0.0909090909090909,0.30303030303030304,0.0,0.858,0.142,0.8225,0.11111111111111112,0.6277777777777778,0.9477676153182983,0.02008187398314476,0.03215048462152481,0.0,0.81,0.19,0.9729,0.035633116883116885,0.5542207792207793,0.9008172154426575,0.010215581394731998,0.08896712958812714
Telecom,2006,0.0,0.759,0.241,0.8979,0.195,0.5383333333333333,0.7763475775718689,0.05133458226919174,0.17231783270835876,0.025,0.899,0.076,0.5423,0.0,0.3333333333333333,0.0,0.94,0.06,0.4588,0.012310606060606058,0.38825757575757575,0.0,0.907,0.093,0.7906,0.021632996632996643,0.44587542087542087,0.7276970148086548,0.17326073348522186,0.09904231131076813,0.01,0.774,0.216,0.9796,0.2456060606060606,0.5703535353535354,0.8232123851776123,0.007913227193057537,0.16887451708316803
Telecom,2007,0.0,0.806,0.194,0.802,0.2777777777777778,0.6611111111111111,0.8586100339889526,0.010068809613585472,0.13132116198539734,0.026,0.816,0.158,0.7783,0.14444444444444446,0.5555555555555555,0.027,0.859,0.113,0.5719,0.125,0.325,0.0,0.774,0.226,0.946,0.21300505050505047,0.5327020202020202,0.9544347524642944,0.016915056854486465,0.028650248423218727,0.012,0.748,0.24,0.975,0.30959595959595965,0.5995791245791247,0.8547506332397461,0.00950893759727478,0.13574036955833435
Telecom,2008,0.116,0.814,0.069,-0.8074,0.00634920634920635,0.2984126984126984,0.02220175229012966,0.9503106474876404,0.02748759463429451,0.0,0.781,0.219,0.9169,-0.011111111111111118,0.5444444444444444,0.016,0.848,0.136,0.8481,0.155,0.505,0.089,0.794,0.117,0.0814,-0.004861111111111115,0.2652777777777778,0.19257426261901855,0.7561218738555908,0.051303885877132416,0.046,0.749,0.205,0.9531,0.1451388888888889,0.4277777777777778,0.884071409702301,0.01095743477344513,0.10497108101844788
Telecom,2009,0.0,0.824,0.176,0.802,0.075,0.5333333333333333,0.030134541913866997,0.9345501065254211,0.03531542420387268,0.052,0.826,0.122,0.8008,0.08409090909090909,0.41363636363636364,0.0,0.772,0.228,0.9477,0.152,0.268,0.0,0.757,0.243,0.9524,0.12113636363636364,0.5829545454545454,0.5852774977684021,0.27392980456352234,0.14079274237155914,0.027,0.71,0.263,0.9702,0.2299034299034299,0.6171994671994672,0.622660756111145,0.013762397691607475,0.36357685923576355
Telecom,2010,0.042,0.911,0.046,0.0644,0.05,0.45,0.8361673355102539,0.07762926816940308,0.0862034484744072,0.0,0.982,0.018,0.1779,-0.044791666666666674,0.578125,0.0,0.88,0.12,0.7845,0.09722222222222222,0.37222222222222223,0.023,0.707,0.27,0.9648,0.10625000000000001,0.4802083333333333,0.9277591705322266,0.020844174548983574,0.0513966865837574,0.014,0.831,0.155,0.9648,0.21595959595959596,0.49727272727272726,0.7760635018348694,0.018694663420319557,0.2052418291568756
Telecom,2011,0.033,0.804,0.163,0.7184,0.0,0.7,0.9548425674438477,0.01988806761801243,0.025269418954849243,0.0,0.897,0.103,0.8999,0.22351190476190477,0.4767857142857143,0.0,0.835,0.165,0.9081,0.18181818181818182,0.47272727272727266,0.014,0.729,0.257,0.975,0.14006734006734006,0.45319865319865316,0.9539636969566345,0.015283146873116493,0.03075324557721615,0.02,0.804,0.176,0.9783,0.14909090909090908,0.5006060606060606,0.9119892120361328,0.00887935422360897,0.07913142442703247
Telecom,2012,0.028,0.865,0.107,0.714,0.023905723905723902,0.27811447811447815,0.05655263736844063,0.9088264107704163,0.03462085500359535,0.0,0.931,0.069,0.5719,0.03333333333333334,0.2916666666666667,0.0,0.901,0.099,0.802,0.1404040404040404,0.43282828282828284,0.0,0.823,0.177,0.9169,0.01979166666666667,0.36354166666666665,0.9380833506584167,0.03555767238140106,0.026358896866440773,0.008,0.748,0.243,0.9896,0.23055555555555554,0.6175252525252525,0.8230406641960144,0.047441963106393814,0.1295173615217209
Telecom,2013,0.0,0.83,0.17,0.7003,0.18898809523809523,0.6324404761904762,0.9426818490028381,0.014600359834730625,0.04271777346730232,0.0,0.878,0.122,0.8402,0.1107142857142857,0.5071428571428571,0.0,0.888,0.112,0.7351,-0.15,0.6799999999999999,0.016,0.754,0.23,0.9382,-0.008333333333333338,0.4708333333333333,0.9469010829925537,0.01813262701034546,0.03496626019477844,0.0,0.805,0.195,0.9682,0.18547077922077923,0.5115891053391053,0.8556542992591858,0.009122266434133053,0.13522350788116455
Telecom,2014,0.028,0.787,0.185,0.7506,0.375,0.875,0.8930888175964355,0.014606013894081116,0.09230522066354752,0.0,0.905,0.095,0.9042,0.025378787878787872,0.4234848484848485,0.016,0.856,0.128,0.8625,0.06666666666666667,0.20833333333333334,0.0,0.756,0.244,0.9674,0.21222943722943724,0.5076839826839826,0.9559778571128845,0.017613310366868973,0.02640884555876255,0.008,0.771,0.221,0.9877,0.10189393939393938,0.5416666666666666,0.9170569777488708,0.009246877394616604,0.07369617372751236
Telecom,2015,0.0,0.91,0.09,0.6249,-0.041666666666666664,0.875,0.27656275033950806,0.44329679012298584,0.28014039993286133,0.015,0.866,0.119,0.886,0.032196969696969696,0.5580176767676768,0.015,0.75,0.235,0.9623,0.12878787878787878,0.23484848484848486,0.042,0.687,0.271,0.9783,0.1303030303030303,0.6545454545454545,0.9421795606613159,0.01569422520697117,0.04212620481848717,0.0,0.765,0.235,0.9831,0.23363636363636364,0.6421212121212122,0.8137443661689758,0.0071872808039188385,0.1790684014558792
Telecom,2016,0.0,0.907,0.093,0.5267,0.17045454545454544,0.4431818181818182,0.8397597670555115,0.011608240194618702,0.1486319750547409,0.022,0.919,0.059,0.7096,0.15681818181818183,0.525,0.014,0.806,0.18,0.9186,0.55,0.75,0.0,0.768,0.232,0.975,0.1066724941724942,0.42016317016317006,0.9535162448883057,0.01607488840818405,0.03040875308215618,0.009,0.696,0.295,0.9908,0.13585081585081582,0.572074592074592,0.881281852722168,0.008073341101408005,0.11064489930868149
Telecom,2017,0.052,0.831,0.117,0.5232,0.20104166666666667,0.6770833333333333,0.8763477206230164,0.027494780719280243,0.0961574837565422,0.035,0.84,0.125,0.861,0.18333333333333332,0.6111111111111112,0.0,0.85,0.15,0.8957,0.17727272727272728,0.6409090909090909,0.075,0.764,0.16,0.7184,0.03663911845730027,0.6307162534435261,0.05437713861465454,0.8991917371749878,0.04643114656209946,0.047,0.697,0.256,0.989,0.23114853896103896,0.641700487012987,0.6907809376716614,0.01960962638258934,0.289609432220459
Telecom,2018,0.019,0.823,0.158,0.7906,0.1275,0.475,0.8520091772079468,0.04510657489299774,0.1028842031955719,0.058,0.839,0.103,0.7717,0.07833333333333334,0.5883333333333334,0.022,0.825,0.153,0.8957,0.12613636363636363,0.36767676767676766,0.021,0.74,0.239,0.9571,0.13347222222222221,0.5790277777777778,0.7365996241569519,0.1625385880470276,0.10086176544427872,0.03,0.74,0.23,0.9881,0.16891547049441785,0.4810047846889952,0.8993139266967773,0.009508984163403511,0.0911770835518837
Telecom,2019,0.047,0.81,0.143,0.587,0.026010101010101,0.6431818181818182,0.6831015348434448,0.04399850592017174,0.27289995551109314,0.018,0.769,0.214,0.969,0.06607142857142857,0.5357142857142857,0.0,0.814,0.186,0.9136,0.08121212121212121,0.4084848484848485,0.026,0.834,0.14,0.8271,0.1761904761904762,0.4083333333333333,0.711641252040863,0.17984290421009064,0.10851583629846573,0.047,0.756,0.197,0.9787,0.18531520562770562,0.5238433441558441,0.9166688323020935,0.009485536254942417,0.07384564727544785
Telecom,2020,0.025,0.726,0.249,0.8573,0.1625,0.5625,0.9231429100036621,0.013625905849039555,0.06323117017745972,0.037,0.731,0.233,0.9506,0.03125,0.55625,0.0,0.764,0.236,0.9325,0.129004329004329,0.32207792207792213,0.0,0.849,0.151,0.8779,0.056666666666666685,0.4066666666666666,0.9367557168006897,0.012858783826231956,0.050385482609272,0.018,0.734,0.248,0.9867,0.10518518518518519,0.5015488215488215,0.9164658188819885,0.008786126971244812,0.07474811375141144
Telecom,2021,0.045,0.827,0.128,0.4939,0.05500000000000001,0.375,0.9359320402145386,0.013199718669056892,0.050868310034275055,0.032,0.818,0.151,0.9186,-0.02873376623376623,0.564935064935065,0.0,0.78,0.22,0.9517,0.2318181818181818,0.4671717171717171,0.01,0.726,0.264,0.9794,0.09285714285714286,0.3095238095238095,0.9503549337387085,0.014364107511937618,0.035281021147966385,0.016,0.744,0.24,0.9883,0.14928229665071768,0.5719696969696969,0.8964411020278931,0.008397705852985382,0.09516119956970215
Telecom,2022,0.023,0.799,0.178,0.7964,0.14227272727272727,0.615909090909091,0.9190257787704468,0.03833698853850365,0.04263729602098465,0.051,0.754,0.195,0.9485,0.0457070707070707,0.5143939393939394,0.0,0.761,0.239,0.9647,0.2694805194805195,0.38636363636363635,0.022,0.793,0.184,0.9169,0.010000000000000002,0.45818181818181825,0.9233313798904419,0.024823252111673355,0.051845304667949677,0.008,0.753,0.239,0.989,0.15995670995670994,0.5601731601731601,0.8254310488700867,0.00805447157472372,0.1665145456790924
Telecom,2023,0.058,0.729,0.213,0.8481,0.05333333333333334,0.3466666666666667,0.9518187642097473,0.012574603781104088,0.03560667857527733,0.012,0.832,0.156,0.9371,0.049074074074074076,0.5620370370370371,0.0,0.835,0.165,0.9348,0.24545454545454545,0.38484848484848483,0.0,0.77,0.23,0.9799,0.09868371212121212,0.5683617424242424,0.9212211966514587,0.02464142069220543,0.05413741618394852,0.054,0.775,0.172,0.9641,0.15896613190730835,0.5845276292335116,0.914643406867981,0.009284826926887035,0.07607176154851913
Telecom,2024,0.0,0.847,0.153,0.7906,-0.012727272727272731,0.48090909090909084,0.8807474970817566,0.008829791098833084,0.11042268574237823,0.023,0.88,0.097,0.5994,0.0,1.0,0.0,0.854,0.146,0.7964,0.14545454545454548,0.48484848484848486,0.0,0.91,0.09,0.7184,0.05714285714285714,0.5571428571428572,0.9417454600334167,0.017586244270205498,0.04066827520728111,0.021,0.778,0.201,0.9743,0.15098039215686274,0.5637254901960784,0.45443978905677795,0.010278472676873207,0.535281777381897
Telecom,2025,0.082,0.849,0.069,0.0176,0.5,0.5,0.9012977480888367,0.011821861378848553,0.08688041567802429,0.0,0.907,0.093,0.8316,-0.0027210884353741477,0.4608843537414966,0.0,0.878,0.122,0.8689,0.3,0.4666666666666666,0.0,0.783,0.217,0.9601,0.06020661157024793,0.4054958677685951,0.7033454179763794,0.2415178120136261,0.05513675883412361,0.028,0.73,0.242,0.9834,0.20472370766488412,0.5946078431372549,0.7661718130111694,0.017732853069901466,0.21609541773796082
Transportation,2004,0.0,0.925,0.075,0.4404,0.0,0.4777777777777777,0.14373499155044556,0.634117603302002,0.2221473902463913,0.0,0.823,0.177,0.9468,0.09047619047619049,0.630952380952381,0.035,0.841,0.125,0.8968,0.11571428571428573,0.47619047619047616,0.0,0.815,0.185,0.9382,-0.016666666666666666,0.65,0.8394048810005188,0.09055715054273605,0.07003788650035858,0.065,0.668,0.267,0.9865,0.17146722325293756,0.47151360544217685,0.866658091545105,0.012460312806069851,0.12088154256343842
Transportation,2005,0.039,0.747,0.214,0.7783,0.17395833333333333,0.35833333333333334,0.9550914168357849,0.022692328318953514,0.022216245532035828,0.0,0.946,0.054,0.5719,0.1142857142857143,0.35714285714285715,0.019,0.84,0.141,0.8807,0.036224489795918365,0.24183673469387754,0.047,0.825,0.128,0.8126,0.07462121212121212,0.3455627705627706,0.6338083148002625,0.2773027718067169,0.08888895809650421,0.008,0.689,0.303,0.9946,0.24130591630591636,0.601839826839827,0.9248926639556885,0.011314225383102894,0.0637931153178215
Transportation,2006,0.047,0.787,0.166,0.4767,0.2675,0.7075,0.814628005027771,0.06373292207717896,0.12163913249969482,0.032,0.841,0.127,0.9001,0.15542929292929294,0.5143939393939393,0.0,0.791,0.209,0.9501,0.11300505050505051,0.39936868686868693,0.056,0.773,0.171,0.8442,0.04233766233766234,0.49922077922077923,0.6701754927635193,0.1885291337966919,0.14129537343978882,0.023,0.676,0.301,0.9933,0.14609427609427608,0.561523569023569,0.8996466994285583,0.009762164205312729,0.09059116244316101
Transportation,2007,0.04,0.851,0.109,0.4767,0.09,0.36,0.9307884573936462,0.025660144165158272,0.04355137050151825,0.023,0.79,0.187,0.8689,0.04583333333333334,0.34027777777777773,0.07,0.822,0.109,0.2857,0.1488095238095238,0.244047619047619,0.061,0.82,0.12,0.5719,0.0,0.35333333333333333,0.9462629556655884,0.015443959273397923,0.038293179124593735,0.042,0.675,0.283,0.981,0.1555844155844156,0.48549783549783554,0.4477946162223816,0.009924599900841713,0.5422807335853577
Transportation,2008,0.215,0.723,0.062,-0.8225,0.0642857142857143,0.2785714285714286,0.007496457081288099,0.9678339958190918,0.024669533595442772,0.0,0.817,0.183,0.8834,0.10583333333333333,0.45249999999999996,0.021,0.793,0.186,0.8151,0.18071428571428572,0.4602380952380952,0.044,0.853,0.103,0.5719,0.018750000000000003,0.425,0.2567695677280426,0.6726688146591187,0.07056163996458054,0.105,0.7,0.195,0.9143,0.20093344155844156,0.6342126623376624,0.03672662004828453,0.9119952321052551,0.05127815157175064
Transportation,2009,0.058,0.893,0.049,-0.1082,0.16488095238095238,0.47440476190476194,0.0946880429983139,0.8764602541923523,0.028851738199591637,0.024,0.768,0.208,0.9559,0.17446969696969697,0.45545454545454545,0.044,0.764,0.192,0.9111,0.19356060606060607,0.3632575757575758,0.023,0.871,0.105,0.6908,-0.013888888888888888,0.49166666666666664,0.9378992915153503,0.02215290069580078,0.03994782641530037,0.046,0.678,0.276,0.9906,0.10836940836940837,0.5929112554112554,0.8666611909866333,0.02172827534377575,0.11161049455404282
Transportation,2010,0.111,0.703,0.186,0.3818,0.06666666666666667,0.18333333333333335,0.9445196986198425,0.038600727915763855,0.016879605129361153,0.023,0.8,0.176,0.9201,0.18863636363636366,0.4504545454545455,0.071,0.776,0.153,0.8225,0.08825265643447462,0.275974025974026,0.045,0.841,0.113,0.7351,0.20285714285714285,0.4485714285714287,0.8586840629577637,0.04794342815876007,0.09337261319160461,0.038,0.745,0.217,0.9768,0.14671717171717172,0.4525252525252525,0.6822300553321838,0.012992306612432003,0.3047776520252228
Transportation,2011,0.051,0.874,0.074,0.1154,0.14166666666666666,0.2833333333333333,0.25437650084495544,0.701598048210144,0.044025469571352005,0.018,0.754,0.228,0.9422,0.1,0.375,0.0,0.859,0.141,0.7845,0.1,0.3,0.047,0.758,0.195,0.8824,0.1733333333333333,0.5466666666666666,0.6812463998794556,0.23838724195957184,0.08036628365516663,0.075,0.725,0.2,0.9444,0.24424242424242423,0.6033333333333334,0.8116376399993896,0.009065033867955208,0.17929725348949432
Transportation,2012,0.079,0.846,0.075,-0.296,0.0,0.16666666666666666,0.1299666166305542,0.7500960826873779,0.11993727833032608,0.0,0.886,0.114,0.743,0.060606060606060594,0.5575757575757576,0.0,0.934,0.066,0.5106,0.18333333333333335,0.39444444444444443,0.096,0.776,0.128,0.5423,0.025,0.48166666666666663,0.11561448127031326,0.7793754935264587,0.10500999540090561,0.029,0.753,0.218,0.9651,0.1752331002331002,0.5682983682983683,0.4482055604457855,0.009700184687972069,0.5420942306518555
Transportation,2013,0.075,0.748,0.177,0.5994,0.0,0.21666666666666665,0.9211214780807495,0.02390602044761181,0.05497249588370323,0.022,0.805,0.174,0.8625,0.05357142857142857,0.4107142857142857,0.0,0.9,0.1,0.743,0.12727272727272726,0.21948051948051947,0.028,0.828,0.145,0.9001,-0.03636363636363637,0.42727272727272736,0.8759576678276062,0.013426066376268864,0.11061616241931915,0.048,0.75,0.201,0.9601,0.15035650623885918,0.4642602495543672,0.8604095578193665,0.008811311796307564,0.13077916204929352
Transportation,2014,0.088,0.744,0.168,0.6486,0.12857142857142856,0.31428571428571433,0.9450283050537109,0.027709878981113434,0.027261734008789062,0.013,0.91,0.077,0.7501,0.2527972027972028,0.5772727272727273,0.0,0.754,0.246,0.9552,0.21212121212121213,0.35151515151515156,0.042,0.745,0.212,0.9517,0.11875,0.39375,0.7791882157325745,0.17115816473960876,0.04965353384613991,0.056,0.722,0.222,0.9661,0.13376623376623378,0.49350649350649356,0.9270628690719604,0.012781173922121525,0.06015588343143463
Transportation,2015,0.098,0.838,0.064,-0.34,0.21950757575757576,0.46571969696969695,0.1677764505147934,0.7915108799934387,0.04071268439292908,0.0,0.83,0.17,0.9623,0.06785714285714285,0.45,0.0,0.83,0.17,0.9299,0.17662337662337663,0.4792207792207792,0.075,0.697,0.228,0.9451,0.07532467532467534,0.37792207792207794,0.9123086929321289,0.03874662145972252,0.04894474893808365,0.028,0.733,0.239,0.9782,0.14019607843137252,0.6056595365418895,0.6950607895851135,0.02315431274473667,0.28178486227989197
Transportation,2016,0.063,0.806,0.131,0.5187,0.08888888888888889,0.3,0.5368672013282776,0.32418516278266907,0.13894762098789215,0.037,0.92,0.042,0.0516,0.13333333333333333,0.5666666666666667,0.0,0.897,0.103,0.5106,0.07977272727272727,0.33948051948051944,0.072,0.832,0.096,0.3182,0.20000000000000004,0.6333333333333333,0.898159921169281,0.07115397602319717,0.030686037614941597,0.056,0.692,0.253,0.9371,0.1865800865800866,0.46320346320346323,0.8508568406105042,0.012377549894154072,0.13676565885543823
Transportation,2017,0.0,0.782,0.218,0.83,0.3138888888888889,0.6361111111111111,0.8136577606201172,0.01392353419214487,0.17241869866847992,0.03,0.821,0.149,0.9286,0.25,0.45,0.0,0.797,0.203,0.9509,0.22424242424242424,0.5363636363636363,0.018,0.788,0.193,0.9217,0.14450757575757578,0.48030303030303023,0.9263799786567688,0.011782986111938953,0.06183701381087303,0.043,0.748,0.209,0.9552,0.18733766233766233,0.6131493506493506,0.6178131103515625,0.013756922446191311,0.3684300184249878
Transportation,2018,0.054,0.694,0.252,0.9226,0.25678571428571434,0.5545238095238095,0.6814136505126953,0.2712881565093994,0.04729817435145378,0.025,0.849,0.126,0.9062,0.21666666666666667,0.65,0.0,0.832,0.168,0.9432,0.024999999999999994,0.5249999999999999,0.014,0.779,0.207,0.9605,0.22407407407407406,0.6518518518518518,0.9514690637588501,0.01609782688319683,0.03243308514356613,0.058,0.695,0.247,0.9758,0.2575757575757575,0.6691017316017316,0.6269580125808716,0.022399643436074257,0.3506423830986023
Transportation,2019,0.032,0.819,0.149,0.6597,0.18055555555555555,0.4583333333333333,0.9361018538475037,0.011697150766849518,0.052200935781002045,0.013,0.769,0.218,0.9697,0.034375,0.48125,0.0,0.88,0.12,0.8795,0.39,0.47000000000000003,0.0,0.818,0.182,0.9517,0.013333333333333341,0.34,0.9482712149620056,0.016756484284996986,0.03497232124209404,0.015,0.764,0.221,0.9509,0.1378030303030303,0.5429545454545454,0.9068222045898438,0.00921535212546587,0.08396241813898087
Transportation,2020,0.104,0.816,0.08,-0.1083,0.21954545454545454,0.45681818181818185,0.5809969902038574,0.2945787310600281,0.12442419677972794,0.013,0.808,0.179,0.9485,0.14166666666666666,0.39722222222222225,0.0,0.807,0.193,0.9381,0.20227272727272724,0.3659090909090909,0.033,0.841,0.126,0.8473,0.09642857142857143,0.35357142857142854,0.8884601593017578,0.018526960164308548,0.09301283955574036,0.015,0.746,0.239,0.9818,0.1653138528138528,0.5722763347763347,0.6087526679039001,0.013642634265124798,0.37760478258132935
Transportation,2021,0.089,0.816,0.095,0.3182,0.0,0.3,0.7629470825195312,0.13703152537345886,0.1000213697552681,0.019,0.813,0.168,0.9246,0.14166666666666666,0.4305555555555556,0.026,0.79,0.183,0.923,0.2785714285714286,0.3452380952380953,0.063,0.835,0.102,0.4588,0.0016666666666666663,0.3433333333333333,0.94614577293396,0.019557178020477295,0.03429696336388588,0.038,0.713,0.248,0.9847,0.2209447415329768,0.544162210338681,0.9250821471214294,0.009440125897526741,0.065477654337883
Transportation,2022,0.126,0.685,0.189,0.4588,0.14242424242424243,0.446969696969697,0.8254551887512207,0.0724407285451889,0.10210409015417099,0.0,0.823,0.177,0.9709,0.1074404761904762,0.44315476190476194,0.0,0.838,0.162,0.9324,0.19583333333333333,0.4583333333333333,0.046,0.814,0.14,0.8555,0.04107142857142857,0.42440476190476195,0.8842599391937256,0.0356990285217762,0.08004102855920792,0.058,0.659,0.283,0.9881,0.19004329004329004,0.5176046176046176,0.8867555260658264,0.008219877257943153,0.10502465069293976
Transportation,2023,0.064,0.703,0.233,0.8807,0.16949404761904763,0.6224702380952382,0.4757869243621826,0.3868158161640167,0.1373971849679947,0.011,0.849,0.14,0.9441,0.225,0.55,0.0,0.787,0.213,0.9545,0.24965986394557824,0.44693877551020417,0.103,0.79,0.107,0.1027,0.005357142857142858,0.3636904761904762,0.04443155601620674,0.9147770404815674,0.04079139232635498,0.029,0.783,0.187,0.9628,0.11000000000000001,0.48833333333333334,0.5852454304695129,0.017699087038636208,0.39705541729927063
Transportation,2024,0.077,0.849,0.074,-0.0387,0.8,0.9,0.8068441152572632,0.12099076062440872,0.07216522842645645,0.0,0.861,0.139,0.9246,-0.016666666666666663,0.4666666666666666,0.0,0.804,0.196,0.9501,0.10606060606060606,0.24242424242424243,0.076,0.817,0.107,0.2732,0.134375,0.415625,0.9266648888587952,0.04409410431981087,0.029241008684039116,0.048,0.725,0.228,0.9771,0.19999999999999998,0.5414438502673796,0.753504753112793,0.007941294461488724,0.23855392634868622
Transportation,2025,0.0,0.812,0.188,0.8442,0.09567099567099567,0.5268398268398269,0.92397540807724,0.023508884012699127,0.05251568555831909,0.0,0.876,0.124,0.9382,0.108974358974359,0.33461538461538465,0.021,0.724,0.255,0.9726,0.23750000000000002,0.4803571428571428,0.066,0.821,0.113,0.6597,0.08333333333333334,0.40476190476190477,0.9286469221115112,0.029732879251241684,0.0416201576590538,0.009,0.784,0.206,0.9754,0.21414141414141416,0.6167676767676767,0.8975973129272461,0.009832647629082203,0.09257006645202637
